lesion_size_bin,lesion_size_bin_label,lesion_voxel_range,model_architecture,training_condition,n_subjects,mean_clean_dice,mean_artifact_dice,mean_paired_dice_drop_clean_minus_artifact,median_paired_dice_drop_clean_minus_artifact,std_paired_dice_drop_clean_minus_artifact,clean_failure_rate_dice_lt_0_1,artifact_failure_rate_dice_lt_0_1,failure_rate_increase_artifact_minus_clean,clean_strong_rate_dice_ge_0_7,artifact_strong_rate_dice_ge_0_7,strong_rate_decrease_clean_minus_artifact
1,"[13, 1159)","[13, 1159)",Base CNN,Augmented,163,0.3069118527,0.2943782038,0.01253364896,2.691862e-12,0.06947054463,0.4233128834,0.4294478528,0.006134969325,0.1533742331,0.1288343558,0.0245398773
1,"[13, 1159)","[13, 1159)",Base CNN,Standard,163,0.301664203,0.2534011458,0.04826305724,1.3726584e-11,0.1382319167,0.4355828221,0.5153374233,0.07975460123,0.1349693252,0.08588957055,0.0490797546
1,"[13, 1159)","[13, 1159)",MedNeXt,Augmented,163,0.3393351996,0.3126739779,0.02666122165,0,0.119388037,0.4171779141,0.4233128834,0.006134969325,0.1779141104,0.1472392638,0.03067484663
1,"[13, 1159)","[13, 1159)",MedNeXt,Standard,163,0.3209695156,0.2776173968,0.04335211885,7.0356472e-11,0.129364024,0.4539877301,0.4969325153,0.04294478528,0.2085889571,0.1656441718,0.04294478528
1,"[13, 1159)","[13, 1159)",Swin UNETR,Augmented,163,0.3292693738,0.294127604,0.03514176978,4.24194509e-10,0.1265417622,0.4171779141,0.472392638,0.05521472393,0.1717791411,0.1288343558,0.04294478528
1,"[13, 1159)","[13, 1159)",Swin UNETR,Standard,163,0.3289749783,0.2587438349,0.07023114335,0.0025924071,0.1445016002,0.3865030675,0.509202454,0.1226993865,0.1472392638,0.08588957055,0.06134969325
1,"[13, 1159)","[13, 1159)",UXNet,Augmented,163,0.3432814205,0.311557512,0.03172390856,0,0.09666798516,0.4110429448,0.4294478528,0.01840490798,0.2085889571,0.1595092025,0.0490797546
1,"[13, 1159)","[13, 1159)",UXNet,Standard,163,0.3413683593,0.2814158631,0.05995249623,7.58657189e-10,0.1481690942,0.3926380368,0.4846625767,0.09202453988,0.1963190184,0.1533742331,0.04294478528
2,"[1159, 5290)","[1159, 5290)",Base CNN,Augmented,163,0.4499768718,0.4113434879,0.03863338384,0.0004924896,0.1152881687,0.1595092025,0.2024539877,0.04294478528,0.2085889571,0.1901840491,0.01840490798
2,"[1159, 5290)","[1159, 5290)",Base CNN,Standard,163,0.4371607961,0.3922600079,0.04490078817,0.0013070315,0.1174184644,0.1779141104,0.226993865,0.0490797546,0.2515337423,0.1901840491,0.06134969325
2,"[1159, 5290)","[1159, 5290)",MedNeXt,Augmented,163,0.4676617354,0.4374045657,0.03025716963,0.0019720532,0.09486088996,0.1288343558,0.1717791411,0.04294478528,0.245398773,0.2331288344,0.01226993865
2,"[1159, 5290)","[1159, 5290)",MedNeXt,Standard,163,0.4692643288,0.4227452847,0.04651904414,0.0016741266,0.123860052,0.1349693252,0.1779141104,0.04294478528,0.245398773,0.1963190184,0.0490797546
2,"[1159, 5290)","[1159, 5290)",Swin UNETR,Augmented,163,0.4686434885,0.4388004438,0.02984304473,0.0033336314,0.08128020292,0.1411042945,0.1717791411,0.03067484663,0.2699386503,0.2392638037,0.03067484663
2,"[1159, 5290)","[1159, 5290)",Swin UNETR,Standard,163,0.4581053049,0.4194397255,0.03866557938,0.002728513111,0.09615733599,0.1533742331,0.1901840491,0.03680981595,0.2392638037,0.1717791411,0.06748466258
2,"[1159, 5290)","[1159, 5290)",UXNet,Augmented,163,0.4533799293,0.4213659147,0.03201401462,0.0028747336,0.09931404433,0.1656441718,0.2024539877,0.03680981595,0.245398773,0.2085889571,0.03680981595
2,"[1159, 5290)","[1159, 5290)",UXNet,Standard,163,0.4647978299,0.4160453365,0.04875249343,0.0056513774,0.1146576706,0.1411042945,0.2024539877,0.06134969325,0.2576687117,0.1840490798,0.0736196319
3,"[5290, 36236)","[5290, 36236)",Base CNN,Augmented,163,0.5784828932,0.5353206397,0.04316225346,0.0022348124,0.1049124386,0.06748466258,0.08588957055,0.01840490798,0.4110429448,0.3680981595,0.04294478528
3,"[5290, 36236)","[5290, 36236)",Base CNN,Standard,163,0.5921061027,0.5257638411,0.06634226163,0.0084020348,0.1283137589,0.05521472393,0.1104294479,0.05521472393,0.4110429448,0.3374233129,0.0736196319
3,"[5290, 36236)","[5290, 36236)",MedNeXt,Augmented,163,0.595507569,0.5696024518,0.02590511719,0.0032528945,0.08220881008,0.06748466258,0.08588957055,0.01840490798,0.4846625767,0.4171779141,0.06748466258
3,"[5290, 36236)","[5290, 36236)",MedNeXt,Standard,163,0.5825598226,0.5352693558,0.04729046681,0.0055843901,0.100160462,0.06134969325,0.1042944785,0.04294478528,0.4662576687,0.3496932515,0.1165644172
3,"[5290, 36236)","[5290, 36236)",Swin UNETR,Augmented,163,0.5987771481,0.5599689902,0.03880815795,0.00634039764,0.08425541769,0.0490797546,0.0736196319,0.0245398773,0.4539877301,0.3742331288,0.07975460123
3,"[5290, 36236)","[5290, 36236)",Swin UNETR,Standard,163,0.5684349871,0.5208755931,0.04755939399,0.0067786045,0.1007890133,0.0736196319,0.07975460123,0.006134969325,0.3435582822,0.282208589,0.06134969325
3,"[5290, 36236)","[5290, 36236)",UXNet,Augmented,163,0.5794932189,0.538716358,0.04077686088,0.00327793,0.09458649465,0.0736196319,0.1165644172,0.04294478528,0.4233128834,0.3742331288,0.0490797546
3,"[5290, 36236)","[5290, 36236)",UXNet,Standard,163,0.5778739176,0.5227652087,0.05510870888,0.0152889888,0.09755131927,0.06748466258,0.09202453988,0.0245398773,0.4294478528,0.3374233129,0.09202453988
4,"[36236, 496656]","[36236, 496656]",Base CNN,Augmented,164,0.7372235949,0.7049645971,0.03225899775,0.0066537848,0.06221501944,0.01219512195,0.01829268293,0.006097560976,0.762195122,0.7012195122,0.06097560976
4,"[36236, 496656]","[36236, 496656]",Base CNN,Standard,164,0.7424143532,0.705007888,0.03740646511,0.00985682085,0.07227548988,0.006097560976,0.01219512195,0.006097560976,0.756097561,0.7134146341,0.04268292683
4,"[36236, 496656]","[36236, 496656]",MedNeXt,Augmented,164,0.7685718409,0.7357114543,0.03286038655,0.003654942,0.08869017786,0.01219512195,0.0243902439,0.01219512195,0.8048780488,0.75,0.05487804878
4,"[36236, 496656]","[36236, 496656]",MedNeXt,Standard,164,0.768641519,0.7317986737,0.03684284535,0.0101325268,0.06923699906,0.006097560976,0.01219512195,0.006097560976,0.7987804878,0.7134146341,0.08536585366
4,"[36236, 496656]","[36236, 496656]",Swin UNETR,Augmented,164,0.7567929912,0.7345471385,0.02224585271,0.0046466816,0.05530194022,0.01829268293,0.0243902439,0.006097560976,0.7987804878,0.75,0.0487804878
4,"[36236, 496656]","[36236, 496656]",Swin UNETR,Standard,164,0.7397234395,0.702893624,0.03682981553,0.00984264555,0.06963595394,0.01219512195,0.0243902439,0.01219512195,0.743902439,0.6768292683,0.06707317073
4,"[36236, 496656]","[36236, 496656]",UXNet,Augmented,164,0.7318186237,0.7078740222,0.02394460149,0.0092310877,0.0420229172,0.01829268293,0.03048780488,0.01219512195,0.7682926829,0.6951219512,0.07317073171
4,"[36236, 496656]","[36236, 496656]",UXNet,Standard,164,0.7257818821,0.6958105923,0.02997128983,0.00471592895,0.06001698976,0.0243902439,0.03658536585,0.01219512195,0.737804878,0.6463414634,0.09146341463
