lesion_size_bin,lesion_size_bin_label,lesion_voxel_range,model_architecture,training_condition,evaluation_condition,n_subjects,mean_dice,median_dice,std_dice,iqr_dice,failure_rate_dice_lt_0_1,strong_rate_dice_ge_0_7,mean_precision,mean_recall,mean_volume_similarity
1,"[13, 1159)","[13, 1159)",Base CNN,Augmented,artifact,163,0.2943782038,0.2366412243,0.2948918213,0.5714285675,0.4294478528,0.1288343558,0.4297989228,0.3691491143,
1,"[13, 1159)","[13, 1159)",Base CNN,Augmented,clean,163,0.3069118527,0.2653316655,0.2992729968,0.594788855,0.4233128834,0.1533742331,0.437172825,0.382068242,
1,"[13, 1159)","[13, 1159)",Base CNN,Standard,artifact,163,0.2534011458,0.07927695299,0.2855788502,0.5157434112,0.5153374233,0.08588957055,0.3555926488,0.3333056509,
1,"[13, 1159)","[13, 1159)",Base CNN,Standard,clean,163,0.301664203,0.2772041305,0.2964302462,0.565309839,0.4355828221,0.1349693252,0.4577576945,0.3708006056,
1,"[13, 1159)","[13, 1159)",MedNeXt,Augmented,artifact,163,0.3126739779,0.2938910296,0.3054643821,0.5950366276,0.4233128834,0.1472392638,0.5060928743,0.397098668,
1,"[13, 1159)","[13, 1159)",MedNeXt,Augmented,clean,163,0.3393351996,0.3365794281,0.3170835489,0.6480733979,0.4171779141,0.1779141104,0.569944827,0.4171137337,
1,"[13, 1159)","[13, 1159)",MedNeXt,Standard,artifact,163,0.2776173968,0.1136950927,0.3078971127,0.5565424578,0.4969325153,0.1656441718,0.4617748327,0.3542192258,
1,"[13, 1159)","[13, 1159)",MedNeXt,Standard,clean,163,0.3209695156,0.240837697,0.3217359037,0.6567895773,0.4539877301,0.2085889571,0.5705225053,0.3922729068,
1,"[13, 1159)","[13, 1159)",Swin UNETR,Augmented,artifact,163,0.294127604,0.2254697302,0.3018292068,0.5850694427,0.472392638,0.1288343558,0.4145972083,0.3805450929,
1,"[13, 1159)","[13, 1159)",Swin UNETR,Augmented,clean,163,0.3292693738,0.3308270682,0.3088899392,0.6131785296,0.4171779141,0.1717791411,0.4608091871,0.421733672,
1,"[13, 1159)","[13, 1159)",Swin UNETR,Standard,artifact,163,0.2587438349,0.08484162922,0.2853644493,0.5329841716,0.509202454,0.08588957055,0.4286600123,0.3254683325,
1,"[13, 1159)","[13, 1159)",Swin UNETR,Standard,clean,163,0.3289749783,0.3108808326,0.2975837105,0.6170856338,0.3865030675,0.1472392638,0.5205071374,0.3885883462,
1,"[13, 1159)","[13, 1159)",UXNet,Augmented,artifact,163,0.311557512,0.2614913184,0.3065068918,0.6118056702,0.4294478528,0.1595092025,0.4836817973,0.3920226073,
1,"[13, 1159)","[13, 1159)",UXNet,Augmented,clean,163,0.3432814205,0.298407377,0.3188182274,0.6801820108,0.4110429448,0.2085889571,0.533391614,0.4197390074,
1,"[13, 1159)","[13, 1159)",UXNet,Standard,artifact,163,0.2814158631,0.1575583255,0.3054580873,0.5830434845,0.4846625767,0.1533742331,0.3950841981,0.3648729288,
1,"[13, 1159)","[13, 1159)",UXNet,Standard,clean,163,0.3413683593,0.279260781,0.3186878487,0.6557734172,0.3926380368,0.1963190184,0.5158283986,0.4144164621,
2,"[1159, 5290)","[1159, 5290)",Base CNN,Augmented,artifact,163,0.4113434879,0.4644471848,0.271420437,0.5060203918,0.2024539877,0.1901840491,0.5125218575,0.4684409962,
2,"[1159, 5290)","[1159, 5290)",Base CNN,Augmented,clean,163,0.4499768718,0.5075104655,0.2705979443,0.4889141075,0.1595092025,0.2085889571,0.5620308756,0.4971628719,
2,"[1159, 5290)","[1159, 5290)",Base CNN,Standard,artifact,163,0.3922600079,0.4209495841,0.2772835974,0.4907614469,0.226993865,0.1901840491,0.4776921453,0.455054117,
2,"[1159, 5290)","[1159, 5290)",Base CNN,Standard,clean,163,0.4371607961,0.4668753262,0.2757228596,0.5043243566,0.1779141104,0.2515337423,0.5365526648,0.4989683709,
2,"[1159, 5290)","[1159, 5290)",MedNeXt,Augmented,artifact,163,0.4374045657,0.4702510918,0.2828454559,0.5159881205,0.1717791411,0.2331288344,0.5456856526,0.4843158627,
2,"[1159, 5290)","[1159, 5290)",MedNeXt,Augmented,clean,163,0.4676617354,0.4972687889,0.2771690421,0.454873075,0.1288343558,0.245398773,0.5924382471,0.5091064016,
2,"[1159, 5290)","[1159, 5290)",MedNeXt,Standard,artifact,163,0.4227452847,0.446767538,0.2746762619,0.4878504923,0.1779141104,0.1963190184,0.5281153285,0.459012806,
2,"[1159, 5290)","[1159, 5290)",MedNeXt,Standard,clean,163,0.4692643288,0.4972211932,0.2717647676,0.4812998566,0.1349693252,0.245398773,0.598460215,0.505883729,
2,"[1159, 5290)","[1159, 5290)",Swin UNETR,Augmented,artifact,163,0.4388004438,0.472835821,0.2748685215,0.46657528,0.1717791411,0.2392638037,0.5305266774,0.4756458052,
2,"[1159, 5290)","[1159, 5290)",Swin UNETR,Augmented,clean,163,0.4686434885,0.4910915422,0.2740765549,0.4865618611,0.1411042945,0.2699386503,0.5675283306,0.5126838144,
2,"[1159, 5290)","[1159, 5290)",Swin UNETR,Standard,artifact,163,0.4194397255,0.4526344528,0.2714808969,0.4873144705,0.1901840491,0.1717791411,0.544637006,0.443053082,
2,"[1159, 5290)","[1159, 5290)",Swin UNETR,Standard,clean,163,0.4581053049,0.5082918742,0.2757150041,0.4884783616,0.1533742331,0.2392638037,0.5936687008,0.4791999855,
2,"[1159, 5290)","[1159, 5290)",UXNet,Augmented,artifact,163,0.4213659147,0.4452312965,0.2824160868,0.521836948,0.2024539877,0.2085889571,0.509578398,0.4729852265,
2,"[1159, 5290)","[1159, 5290)",UXNet,Augmented,clean,163,0.4533799293,0.4711111112,0.281197313,0.5047898181,0.1656441718,0.245398773,0.564607731,0.4992071285,
2,"[1159, 5290)","[1159, 5290)",UXNet,Standard,artifact,163,0.4160453365,0.4410517388,0.2764762369,0.4600242165,0.2024539877,0.1840490798,0.5300229972,0.4681647155,
2,"[1159, 5290)","[1159, 5290)",UXNet,Standard,clean,163,0.4647978299,0.4946043168,0.2733353934,0.4493330801,0.1411042945,0.2576687117,0.5897891785,0.5048464263,
3,"[5290, 36236)","[5290, 36236)",Base CNN,Augmented,artifact,163,0.5353206397,0.6151343143,0.2585200541,0.4368947342,0.08588957055,0.3680981595,0.641855534,0.5347022744,
3,"[5290, 36236)","[5290, 36236)",Base CNN,Augmented,clean,163,0.5784828932,0.643582586,0.2459568475,0.3557610345,0.06748466258,0.4110429448,0.6858809259,0.5719134122,
3,"[5290, 36236)","[5290, 36236)",Base CNN,Standard,artifact,163,0.5257638411,0.6183647508,0.2629380955,0.4374849681,0.1104294479,0.3374233129,0.6132089818,0.5375705542,
3,"[5290, 36236)","[5290, 36236)",Base CNN,Standard,clean,163,0.5921061027,0.6607009335,0.2330782727,0.3211604594,0.05521472393,0.4110429448,0.6959032188,0.5926160166,
3,"[5290, 36236)","[5290, 36236)",MedNeXt,Augmented,artifact,163,0.5696024518,0.6493906001,0.2548812526,0.3651103706,0.08588957055,0.4171779141,0.6749226307,0.5581214401,
3,"[5290, 36236)","[5290, 36236)",MedNeXt,Augmented,clean,163,0.595507569,0.6893245564,0.257865553,0.3343106152,0.06748466258,0.4846625767,0.7132515869,0.5931069245,
3,"[5290, 36236)","[5290, 36236)",MedNeXt,Standard,artifact,163,0.5352693558,0.6152238806,0.2617944609,0.380503242,0.1042944785,0.3496932515,0.6768788926,0.5095279544,
3,"[5290, 36236)","[5290, 36236)",MedNeXt,Standard,clean,163,0.5825598226,0.6556143445,0.252711481,0.3636529175,0.06134969325,0.4662576687,0.7118392178,0.5625231958,
3,"[5290, 36236)","[5290, 36236)",Swin UNETR,Augmented,artifact,163,0.5599689902,0.6268912806,0.2410095082,0.3868778622,0.0736196319,0.3742331288,0.6910159308,0.5399043958,
3,"[5290, 36236)","[5290, 36236)",Swin UNETR,Augmented,clean,163,0.5987771481,0.6747820227,0.2319029833,0.3500765954,0.0490797546,0.4539877301,0.7117333917,0.582771038,
3,"[5290, 36236)","[5290, 36236)",Swin UNETR,Standard,artifact,163,0.5208755931,0.5568718,0.2491349281,0.3504659984,0.07975460123,0.282208589,0.6681967252,0.4920485088,
3,"[5290, 36236)","[5290, 36236)",Swin UNETR,Standard,clean,163,0.5684349871,0.6325340879,0.2481303746,0.325534855,0.0736196319,0.3435582822,0.7161547559,0.5388945192,
3,"[5290, 36236)","[5290, 36236)",UXNet,Augmented,artifact,163,0.538716358,0.6111302289,0.2658103777,0.3887418113,0.1165644172,0.3742331288,0.6529264514,0.5223956487,
3,"[5290, 36236)","[5290, 36236)",UXNet,Augmented,clean,163,0.5794932189,0.6546866772,0.2489763721,0.3499433714,0.0736196319,0.4233128834,0.701237893,0.5588408444,
3,"[5290, 36236)","[5290, 36236)",UXNet,Standard,artifact,163,0.5227652087,0.5559451154,0.251465953,0.3862538963,0.09202453988,0.3374233129,0.662415477,0.4955058103,
3,"[5290, 36236)","[5290, 36236)",UXNet,Standard,clean,163,0.5778739176,0.6488064874,0.2475498323,0.3847368505,0.06748466258,0.4294478528,0.7151239201,0.5427355669,
4,"[36236, 496656]","[36236, 496656]",Base CNN,Augmented,artifact,164,0.7049645971,0.7688407707,0.196369484,0.17378988,0.01829268293,0.7012195122,0.8044046662,0.6726319142,
4,"[36236, 496656]","[36236, 496656]",Base CNN,Augmented,clean,164,0.7372235949,0.795788201,0.1771866045,0.1512871051,0.01219512195,0.762195122,0.82753108,0.7089393918,
4,"[36236, 496656]","[36236, 496656]",Base CNN,Standard,artifact,164,0.705007888,0.7672185657,0.1873704511,0.1541166133,0.01219512195,0.7134146341,0.8011603443,0.6735922012,
4,"[36236, 496656]","[36236, 496656]",Base CNN,Standard,clean,164,0.7424143532,0.7944596461,0.1714206813,0.1231043338,0.006097560976,0.756097561,0.8189690758,0.7222136068,
4,"[36236, 496656]","[36236, 496656]",MedNeXt,Augmented,artifact,164,0.7357114543,0.8007803612,0.1877623555,0.1494682267,0.0243902439,0.75,0.8302368515,0.7038184045,
4,"[36236, 496656]","[36236, 496656]",MedNeXt,Augmented,clean,164,0.7685718409,0.8108725392,0.157734749,0.1337469954,0.01219512195,0.8048780488,0.8474680049,0.741718272,
4,"[36236, 496656]","[36236, 496656]",MedNeXt,Standard,artifact,164,0.7317986737,0.7796941517,0.1659151171,0.1834356192,0.01219512195,0.7134146341,0.8403405978,0.6886929489,
4,"[36236, 496656]","[36236, 496656]",MedNeXt,Standard,clean,164,0.768641519,0.8139522312,0.1496448459,0.1423076729,0.006097560976,0.7987804878,0.8591929465,0.7331709685,
4,"[36236, 496656]","[36236, 496656]",Swin UNETR,Augmented,artifact,164,0.7345471385,0.8007156659,0.1967204345,0.1569285598,0.0243902439,0.75,0.8309199371,0.708581487,
4,"[36236, 496656]","[36236, 496656]",Swin UNETR,Augmented,clean,164,0.7567929912,0.8194842388,0.180318785,0.129602299,0.01829268293,0.7987804878,0.8382992657,0.7353408579,
4,"[36236, 496656]","[36236, 496656]",Swin UNETR,Standard,artifact,164,0.702893624,0.7738108096,0.1968831567,0.1985558229,0.0243902439,0.6768292683,0.8334437354,0.6565807663,
4,"[36236, 496656]","[36236, 496656]",Swin UNETR,Standard,clean,164,0.7397234395,0.8026499202,0.1786446837,0.1549060358,0.01219512195,0.743902439,0.8581867813,0.6947480768,
4,"[36236, 496656]","[36236, 496656]",UXNet,Augmented,artifact,164,0.7078740222,0.7794850063,0.2125725569,0.1823032147,0.03048780488,0.6951219512,0.8183299281,0.6854450322,
4,"[36236, 496656]","[36236, 496656]",UXNet,Augmented,clean,164,0.7318186237,0.8033388779,0.2044067607,0.1631390957,0.01829268293,0.7682926829,0.8419680626,0.7066413608,
4,"[36236, 496656]","[36236, 496656]",UXNet,Standard,artifact,164,0.6958105923,0.7740029016,0.2180522459,0.2683367407,0.03658536585,0.6463414634,0.8299917862,0.6560676762,
4,"[36236, 496656]","[36236, 496656]",UXNet,Standard,clean,164,0.7257818821,0.7964582001,0.2051515216,0.1939137562,0.0243902439,0.737804878,0.8592274254,0.6803166271,
