lesion_size_bin,lesion_size_bin_label,lesion_voxel_range,model_architecture,training_condition,evaluation_condition,n_folds,total_subjects,mean_fold_mean_dice,std_fold_mean_dice,mean_fold_failure_rate_dice_lt_0_1,std_fold_failure_rate_dice_lt_0_1,mean_fold_strong_rate_dice_ge_0_7,std_fold_strong_rate_dice_ge_0_7
1,"[13, 1159)","[13, 1159)",Base CNN,Augmented,artifact,5,163,0.294768402,0.03357562062,0.4285984848,0.07999870867,0.1287878788,0.02286103315
1,"[13, 1159)","[13, 1159)",Base CNN,Augmented,clean,5,163,0.3074300203,0.04375383481,0.4223484848,0.08948337527,0.1537878788,0.0296666125
1,"[13, 1159)","[13, 1159)",Base CNN,Standard,artifact,5,163,0.2541254705,0.07452194474,0.5142045455,0.1377272936,0.08636363636,0.06984349305
1,"[13, 1159)","[13, 1159)",Base CNN,Standard,clean,5,163,0.3024485729,0.0709332669,0.434280303,0.1239302249,0.1354166667,0.06468849742
1,"[13, 1159)","[13, 1159)",MedNeXt,Augmented,artifact,5,163,0.3132470594,0.05621997806,0.4227272727,0.09611364562,0.1475378788,0.06924777017
1,"[13, 1159)","[13, 1159)",MedNeXt,Augmented,clean,5,163,0.3398190669,0.04547932655,0.4166666667,0.09090909091,0.178219697,0.06668280624
1,"[13, 1159)","[13, 1159)",MedNeXt,Standard,artifact,5,163,0.2779927834,0.06384535915,0.4964015152,0.1036841441,0.1660984848,0.05897302733
1,"[13, 1159)","[13, 1159)",MedNeXt,Standard,clean,5,163,0.3215997129,0.06659902157,0.4535984848,0.07710915545,0.209280303,0.06841290804
1,"[13, 1159)","[13, 1159)",Swin UNETR,Augmented,artifact,5,163,0.2945987313,0.0334378405,0.4715909091,0.06860140256,0.1295454545,0.07260090031
1,"[13, 1159)","[13, 1159)",Swin UNETR,Augmented,clean,5,163,0.3297430946,0.04394418982,0.4160984848,0.09963561366,0.1721590909,0.0674529646
1,"[13, 1159)","[13, 1159)",Swin UNETR,Standard,artifact,5,163,0.2590837345,0.05314243612,0.5085227273,0.08401494658,0.08617424242,0.05969966153
1,"[13, 1159)","[13, 1159)",Swin UNETR,Standard,clean,5,163,0.3296767544,0.07324076946,0.3852272727,0.1087431325,0.1473484848,0.07183400286
1,"[13, 1159)","[13, 1159)",UXNet,Augmented,artifact,5,163,0.3119911245,0.05030907837,0.4289772727,0.09524462849,0.1598484848,0.03697016269
1,"[13, 1159)","[13, 1159)",UXNet,Augmented,clean,5,163,0.343711687,0.05502734184,0.4106060606,0.1025837023,0.2090909091,0.05107108628
1,"[13, 1159)","[13, 1159)",UXNet,Standard,artifact,5,163,0.281989656,0.06170374951,0.4839015152,0.09648315439,0.1541666667,0.06901427834
1,"[13, 1159)","[13, 1159)",UXNet,Standard,clean,5,163,0.3420351477,0.06198576504,0.3918560606,0.1161564008,0.1973484848,0.08608074348
2,"[1159, 5290)","[1159, 5290)",Base CNN,Augmented,artifact,5,163,0.4113908638,0.02437891807,0.2024621212,0.04535342287,0.1901515152,0.02275408772
2,"[1159, 5290)","[1159, 5290)",Base CNN,Augmented,clean,5,163,0.4497610767,0.01787656502,0.1598484848,0.04192156878,0.2085227273,0.02200884704
2,"[1159, 5290)","[1159, 5290)",Base CNN,Standard,artifact,5,163,0.3916141685,0.05457635204,0.2274621212,0.03451129691,0.1895833333,0.05733477279
2,"[1159, 5290)","[1159, 5290)",Base CNN,Standard,clean,5,163,0.4366312094,0.04810645456,0.1787878788,0.0591879545,0.2509469697,0.05025902831
2,"[1159, 5290)","[1159, 5290)",MedNeXt,Augmented,artifact,5,163,0.4370143029,0.02665937556,0.1723484848,0.07783837458,0.2333333333,0.03264285725
2,"[1159, 5290)","[1159, 5290)",MedNeXt,Augmented,clean,5,163,0.4673557961,0.02222329304,0.1295454545,0.0616575453,0.2452651515,0.02581599881
2,"[1159, 5290)","[1159, 5290)",MedNeXt,Standard,artifact,5,163,0.4223808929,0.04469088339,0.1784090909,0.04676381442,0.1962121212,0.05917886325
2,"[1159, 5290)","[1159, 5290)",MedNeXt,Standard,clean,5,163,0.4690434679,0.03877104862,0.1354166667,0.04748465268,0.2452651515,0.07858821583
2,"[1159, 5290)","[1159, 5290)",Swin UNETR,Augmented,artifact,5,163,0.4384717912,0.02223578612,0.1721590909,0.03322986697,0.2390151515,0.03900595655
2,"[1159, 5290)","[1159, 5290)",Swin UNETR,Augmented,clean,5,163,0.4683669952,0.02091922256,0.1414772727,0.0267146177,0.2698863636,0.04464236521
2,"[1159, 5290)","[1159, 5290)",Swin UNETR,Standard,artifact,5,163,0.4189445774,0.04455471214,0.1909090909,0.07065587071,0.1714015152,0.07093555256
2,"[1159, 5290)","[1159, 5290)",Swin UNETR,Standard,clean,5,163,0.4576849094,0.03311940139,0.1534090909,0.03840075966,0.2390151515,0.04822893518
2,"[1159, 5290)","[1159, 5290)",UXNet,Augmented,artifact,5,163,0.4207525775,0.04727098614,0.203219697,0.06546458432,0.2085227273,0.06269025221
2,"[1159, 5290)","[1159, 5290)",UXNet,Augmented,clean,5,163,0.4528267631,0.04544996168,0.1662878788,0.06178307827,0.2446969697,0.08682756838
2,"[1159, 5290)","[1159, 5290)",UXNet,Standard,artifact,5,163,0.4151162756,0.07819395223,0.2043560606,0.1471828546,0.1840909091,0.06086179473
2,"[1159, 5290)","[1159, 5290)",UXNet,Standard,clean,5,163,0.4638145503,0.06939039779,0.1424242424,0.09070882297,0.2570075758,0.05376119697
3,"[5290, 36236)","[5290, 36236)",Base CNN,Augmented,artifact,5,163,0.535634651,0.0717376307,0.08617424242,0.0415632325,0.3681818182,0.08800278608
3,"[5290, 36236)","[5290, 36236)",Base CNN,Augmented,clean,5,163,0.5784956706,0.0633146915,0.06761363636,0.03568254197,0.4107954545,0.1084226957
3,"[5290, 36236)","[5290, 36236)",Base CNN,Standard,artifact,5,163,0.5259187212,0.07420976181,0.1104166667,0.04924096734,0.3380681818,0.1277138819
3,"[5290, 36236)","[5290, 36236)",Base CNN,Standard,clean,5,163,0.5921389841,0.05038655072,0.05549242424,0.0304777162,0.4111742424,0.08339443352
3,"[5290, 36236)","[5290, 36236)",MedNeXt,Augmented,artifact,5,163,0.569724415,0.03537323188,0.08579545455,0.02245416717,0.4174242424,0.1119627386
3,"[5290, 36236)","[5290, 36236)",MedNeXt,Augmented,clean,5,163,0.595591383,0.04462373731,0.06761363636,0.03568254197,0.4852272727,0.113131137
3,"[5290, 36236)","[5290, 36236)",MedNeXt,Standard,artifact,5,163,0.534998343,0.04529395114,0.1047348485,0.04258458606,0.3494318182,0.06125949824
3,"[5290, 36236)","[5290, 36236)",MedNeXt,Standard,clean,5,163,0.5824104756,0.0454485472,0.0615530303,0.03373126797,0.4660984848,0.1231445161
3,"[5290, 36236)","[5290, 36236)",Swin UNETR,Augmented,artifact,5,163,0.5600209514,0.04098485236,0.07367424242,0.04126180717,0.3740530303,0.0958078778
3,"[5290, 36236)","[5290, 36236)",Swin UNETR,Augmented,clean,5,163,0.5987673197,0.05001700957,0.0490530303,0.03094954275,0.4543560606,0.1123449345
3,"[5290, 36236)","[5290, 36236)",Swin UNETR,Standard,artifact,5,163,0.5207811434,0.04250029356,0.07973484848,0.04112247938,0.2827651515,0.06160865785
3,"[5290, 36236)","[5290, 36236)",Swin UNETR,Standard,clean,5,163,0.5683415071,0.04654907131,0.07386363636,0.03196215623,0.34375,0.07834135561
3,"[5290, 36236)","[5290, 36236)",UXNet,Augmented,artifact,5,163,0.5384463289,0.03946943181,0.1170454545,0.05435507073,0.3736742424,0.07006449541
3,"[5290, 36236)","[5290, 36236)",UXNet,Augmented,clean,5,163,0.5793358077,0.03001995758,0.07367424242,0.0245073123,0.4227272727,0.06693568741
3,"[5290, 36236)","[5290, 36236)",UXNet,Standard,artifact,5,163,0.52289546,0.04953000792,0.09147727273,0.04232265977,0.3369318182,0.1052839529
3,"[5290, 36236)","[5290, 36236)",UXNet,Standard,clean,5,163,0.5781663996,0.04982653229,0.06704545455,0.04015151515,0.4289772727,0.1102005851
4,"[36236, 496656]","[36236, 496656]",Base CNN,Augmented,artifact,5,164,0.7049281319,0.00996609337,0.01818181818,0.01484539238,0.7009469697,0.05373049649
4,"[36236, 496656]","[36236, 496656]",Base CNN,Augmented,clean,5,164,0.7372070908,0.01136211555,0.01212121212,0.01484539238,0.7619318182,0.03720807709
4,"[36236, 496656]","[36236, 496656]",Base CNN,Standard,artifact,5,164,0.7051724239,0.02229309966,0.01212121212,0.01484539238,0.7134469697,0.05593890352
4,"[36236, 496656]","[36236, 496656]",Base CNN,Standard,clean,5,164,0.742467858,0.01445764627,0.006060606061,0.01212121212,0.7558712121,0.044175502
4,"[36236, 496656]","[36236, 496656]",MedNeXt,Augmented,artifact,5,164,0.735970398,0.02931478598,0.02424242424,0.01212121212,0.75,0.07009111216
4,"[36236, 496656]","[36236, 496656]",MedNeXt,Augmented,clean,5,164,0.7687412287,0.01658111523,0.01212121212,0.01484539238,0.8045454545,0.05079713519
4,"[36236, 496656]","[36236, 496656]",MedNeXt,Standard,artifact,5,164,0.7319913198,0.02301180044,0.01212121212,0.01484539238,0.7134469697,0.04074215378
4,"[36236, 496656]","[36236, 496656]",MedNeXt,Standard,clean,5,164,0.7687798695,0.0128754229,0.006060606061,0.01212121212,0.7988636364,0.03031249852
4,"[36236, 496656]","[36236, 496656]",Swin UNETR,Augmented,artifact,5,164,0.7348305262,0.03094230298,0.02424242424,0.02267671143,0.75,0.02247332875
4,"[36236, 496656]","[36236, 496656]",Swin UNETR,Augmented,clean,5,164,0.7569902256,0.02198086421,0.01818181818,0.02424242424,0.7988636364,0.02348484848
4,"[36236, 496656]","[36236, 496656]",Swin UNETR,Standard,artifact,5,164,0.7030456195,0.02644671471,0.02424242424,0.02267671143,0.6768939394,0.05892069502
4,"[36236, 496656]","[36236, 496656]",Swin UNETR,Standard,clean,5,164,0.7398007595,0.02231226332,0.01212121212,0.01484539238,0.7435606061,0.03395596187
4,"[36236, 496656]","[36236, 496656]",UXNet,Augmented,artifact,5,164,0.7081761208,0.02879096341,0.0303030303,0.01916531915,0.6952651515,0.03711541389
4,"[36236, 496656]","[36236, 496656]",UXNet,Augmented,clean,5,164,0.7321098633,0.02878560539,0.01818181818,0.01484539238,0.7683712121,0.03579294925
4,"[36236, 496656]","[36236, 496656]",UXNet,Standard,artifact,5,164,0.6958646683,0.01045957079,0.03636363636,0.04453617714,0.6460227273,0.05824102299
4,"[36236, 496656]","[36236, 496656]",UXNet,Standard,clean,5,164,0.7257981097,0.008269472057,0.02424242424,0.02267671143,0.7375,0.04318181818
