architecture_a,architecture_b,training_condition,evaluation_condition,endpoint,contrast,n,mean_architecture_a,mean_architecture_b,mean_difference_architecture_a_minus_b,median_difference_architecture_a_minus_b,bootstrap_ci95_low,bootstrap_ci95_high,wilcoxon_p,effect_size_paired_cohens_dz,holm_family,source_metric_files,interpretation,wilcoxon_p_holm
Base CNN,MedNeXt,Augmented,artifact,dice,architecture_a_minus_architecture_b,653,0.4868362847628855,0.5141878725454394,-0.027351587782553897,-0.012019911523819538,-0.04067882567907853,-0.01436048769017506,1.4294477856193892e-07,-0.1584454130133324,atlas_architecture_pairwise_dice_Augmented_artifact,runs/base_cnn/run_DA_kfold_01/eval_local/test_augmented_metrics.json;runs/base_cnn/run_DA_kfold_02/eval_local/test_augmented_metrics.json;runs/base_cnn/run_DA_kfold_03/eval_local/test_augmented_metrics.json;runs/base_cnn/run_DA_kfold_04/eval_local/test_augmented_metrics.json;runs/base_cnn/run_DA_kfold_05/eval_local/test_augmented_metrics.json;runs/mednext/run_DA_kfold_01/eval_local/test_augmented_metrics.json;runs/mednext/run_DA_kfold_02/eval_local/test_augmented_metrics.json;runs/mednext/run_DA_kfold_03/eval_local/test_augmented_metrics.json;runs/mednext/run_DA_kfold_04/eval_local/test_augmented_metrics.json;runs/mednext/run_DA_kfold_05/eval_local/test_augmented_metrics.json,positive means architecture_a has higher Dice than architecture_b,8.576686713716335e-07
Base CNN,Swin UNETR,Augmented,artifact,dice,architecture_a_minus_architecture_b,653,0.4868362847628855,0.507209721129038,-0.020373436366152364,-0.007089699173522979,-0.03320818615005399,-0.007797622332023491,0.00016406950043290535,-0.12203556922754275,atlas_architecture_pairwise_dice_Augmented_artifact,runs/base_cnn/run_DA_kfold_01/eval_local/test_augmented_metrics.json;runs/base_cnn/run_DA_kfold_02/eval_local/test_augmented_metrics.json;runs/base_cnn/run_DA_kfold_03/eval_local/test_augmented_metrics.json;runs/base_cnn/run_DA_kfold_04/eval_local/test_augmented_metrics.json;runs/base_cnn/run_DA_kfold_05/eval_local/test_augmented_metrics.json;runs/swin/run_DA_kfold_01/eval_local/test_augmented_metrics.json;runs/swin/run_DA_kfold_02/eval_local/test_augmented_metrics.json;runs/swin/run_DA_kfold_03/eval_local/test_augmented_metrics.json;runs/swin/run_DA_kfold_04/eval_local/test_augmented_metrics.json;runs/swin/run_DA_kfold_05/eval_local/test_augmented_metrics.json,positive means architecture_a has higher Dice than architecture_b,0.0008203475021645268
Base CNN,UXNet,Augmented,artifact,dice,architecture_a_minus_architecture_b,653,0.4868362847628855,0.49520463175283924,-0.008368346989953618,-9.621860900288493e-05,-0.02165123631249287,0.005122840156591369,0.06018954438753047,-0.04794167918965283,atlas_architecture_pairwise_dice_Augmented_artifact,runs/base_cnn/run_DA_kfold_01/eval_local/test_augmented_metrics.json;runs/base_cnn/run_DA_kfold_02/eval_local/test_augmented_metrics.json;runs/base_cnn/run_DA_kfold_03/eval_local/test_augmented_metrics.json;runs/base_cnn/run_DA_kfold_04/eval_local/test_augmented_metrics.json;runs/base_cnn/run_DA_kfold_05/eval_local/test_augmented_metrics.json;runs/uxnet/run_DA_kfold_01/eval_local/test_augmented_metrics.json;runs/uxnet/run_DA_kfold_02/eval_local/test_augmented_metrics.json;runs/uxnet/run_DA_kfold_03/eval_local/test_augmented_metrics.json;runs/uxnet/run_DA_kfold_04/eval_local/test_augmented_metrics.json;runs/uxnet/run_DA_kfold_05/eval_local/test_augmented_metrics.json,positive means architecture_a has higher Dice than architecture_b,0.12037908877506094
MedNeXt,Swin UNETR,Augmented,artifact,dice,architecture_a_minus_architecture_b,653,0.5141878725454394,0.507209721129038,0.00697815141640153,1.8494372974456524e-10,-0.005965041321158332,0.01970236636233983,0.1705826599605368,0.04171092144897932,atlas_architecture_pairwise_dice_Augmented_artifact,runs/mednext/run_DA_kfold_01/eval_local/test_augmented_metrics.json;runs/mednext/run_DA_kfold_02/eval_local/test_augmented_metrics.json;runs/mednext/run_DA_kfold_03/eval_local/test_augmented_metrics.json;runs/mednext/run_DA_kfold_04/eval_local/test_augmented_metrics.json;runs/mednext/run_DA_kfold_05/eval_local/test_augmented_metrics.json;runs/swin/run_DA_kfold_01/eval_local/test_augmented_metrics.json;runs/swin/run_DA_kfold_02/eval_local/test_augmented_metrics.json;runs/swin/run_DA_kfold_03/eval_local/test_augmented_metrics.json;runs/swin/run_DA_kfold_04/eval_local/test_augmented_metrics.json;runs/swin/run_DA_kfold_05/eval_local/test_augmented_metrics.json,positive means architecture_a has higher Dice than architecture_b,0.1705826599605368
MedNeXt,UXNet,Augmented,artifact,dice,architecture_a_minus_architecture_b,653,0.5141878725454394,0.49520463175283924,0.018983240792600276,0.002580751597675568,0.005517997001164325,0.032573338022018734,0.0003395673760598508,0.1081036640835242,atlas_architecture_pairwise_dice_Augmented_artifact,runs/mednext/run_DA_kfold_01/eval_local/test_augmented_metrics.json;runs/mednext/run_DA_kfold_02/eval_local/test_augmented_metrics.json;runs/mednext/run_DA_kfold_03/eval_local/test_augmented_metrics.json;runs/mednext/run_DA_kfold_04/eval_local/test_augmented_metrics.json;runs/mednext/run_DA_kfold_05/eval_local/test_augmented_metrics.json;runs/uxnet/run_DA_kfold_01/eval_local/test_augmented_metrics.json;runs/uxnet/run_DA_kfold_02/eval_local/test_augmented_metrics.json;runs/uxnet/run_DA_kfold_03/eval_local/test_augmented_metrics.json;runs/uxnet/run_DA_kfold_04/eval_local/test_augmented_metrics.json;runs/uxnet/run_DA_kfold_05/eval_local/test_augmented_metrics.json,positive means architecture_a has higher Dice than architecture_b,0.0013582695042394031
Swin UNETR,UXNet,Augmented,artifact,dice,architecture_a_minus_architecture_b,653,0.507209721129038,0.49520463175283924,0.012005089376198746,0.0012014109914367799,-0.00036223694820495736,0.02416844555165626,0.010521895089833096,0.07627301025146305,atlas_architecture_pairwise_dice_Augmented_artifact,runs/swin/run_DA_kfold_01/eval_local/test_augmented_metrics.json;runs/swin/run_DA_kfold_02/eval_local/test_augmented_metrics.json;runs/swin/run_DA_kfold_03/eval_local/test_augmented_metrics.json;runs/swin/run_DA_kfold_04/eval_local/test_augmented_metrics.json;runs/swin/run_DA_kfold_05/eval_local/test_augmented_metrics.json;runs/uxnet/run_DA_kfold_01/eval_local/test_augmented_metrics.json;runs/uxnet/run_DA_kfold_02/eval_local/test_augmented_metrics.json;runs/uxnet/run_DA_kfold_03/eval_local/test_augmented_metrics.json;runs/uxnet/run_DA_kfold_04/eval_local/test_augmented_metrics.json;runs/uxnet/run_DA_kfold_05/eval_local/test_augmented_metrics.json,positive means architecture_a has higher Dice than architecture_b,0.03156568526949929
Base CNN,MedNeXt,Augmented,clean,dice,architecture_a_minus_architecture_b,653,0.5184842928717461,0.5431148790918172,-0.024630586220071016,-0.012214699947048824,-0.034608624777178125,-0.014460308178545104,1.7612097092409352e-12,-0.18605185441751682,atlas_architecture_pairwise_dice_Augmented_clean,runs/base_cnn/run_DA_kfold_01/eval_local/test_clean_metrics.json;runs/base_cnn/run_DA_kfold_02/eval_local/test_clean_metrics.json;runs/base_cnn/run_DA_kfold_03/eval_local/test_clean_metrics.json;runs/base_cnn/run_DA_kfold_04/eval_local/test_clean_metrics.json;runs/base_cnn/run_DA_kfold_05/eval_local/test_clean_metrics.json;runs/mednext/run_DA_kfold_01/eval_local/test_clean_metrics.json;runs/mednext/run_DA_kfold_02/eval_local/test_clean_metrics.json;runs/mednext/run_DA_kfold_03/eval_local/test_clean_metrics.json;runs/mednext/run_DA_kfold_04/eval_local/test_clean_metrics.json;runs/mednext/run_DA_kfold_05/eval_local/test_clean_metrics.json,positive means architecture_a has higher Dice than architecture_b,1.0567258255445612e-11
Base CNN,Swin UNETR,Augmented,clean,dice,architecture_a_minus_architecture_b,653,0.5184842928717461,0.5387052408141143,-0.020220947942368058,-0.011707694231780308,-0.03006423636569933,-0.010562644438774938,1.1544884724484867e-08,-0.15631684955209563,atlas_architecture_pairwise_dice_Augmented_clean,runs/base_cnn/run_DA_kfold_01/eval_local/test_clean_metrics.json;runs/base_cnn/run_DA_kfold_02/eval_local/test_clean_metrics.json;runs/base_cnn/run_DA_kfold_03/eval_local/test_clean_metrics.json;runs/base_cnn/run_DA_kfold_04/eval_local/test_clean_metrics.json;runs/base_cnn/run_DA_kfold_05/eval_local/test_clean_metrics.json;runs/swin/run_DA_kfold_01/eval_local/test_clean_metrics.json;runs/swin/run_DA_kfold_02/eval_local/test_clean_metrics.json;runs/swin/run_DA_kfold_03/eval_local/test_clean_metrics.json;runs/swin/run_DA_kfold_04/eval_local/test_clean_metrics.json;runs/swin/run_DA_kfold_05/eval_local/test_clean_metrics.json,positive means architecture_a has higher Dice than architecture_b,5.7724423622424334e-08
Base CNN,UXNet,Augmented,clean,dice,architecture_a_minus_architecture_b,653,0.5184842928717461,0.527306966277858,-0.008822673406111845,-0.004954933276286044,-0.020437146207459338,0.0024902389170414142,0.0023366034595504073,-0.059946199343762746,atlas_architecture_pairwise_dice_Augmented_clean,runs/base_cnn/run_DA_kfold_01/eval_local/test_clean_metrics.json;runs/base_cnn/run_DA_kfold_02/eval_local/test_clean_metrics.json;runs/base_cnn/run_DA_kfold_03/eval_local/test_clean_metrics.json;runs/base_cnn/run_DA_kfold_04/eval_local/test_clean_metrics.json;runs/base_cnn/run_DA_kfold_05/eval_local/test_clean_metrics.json;runs/uxnet/run_DA_kfold_01/eval_local/test_clean_metrics.json;runs/uxnet/run_DA_kfold_02/eval_local/test_clean_metrics.json;runs/uxnet/run_DA_kfold_03/eval_local/test_clean_metrics.json;runs/uxnet/run_DA_kfold_04/eval_local/test_clean_metrics.json;runs/uxnet/run_DA_kfold_05/eval_local/test_clean_metrics.json,positive means architecture_a has higher Dice than architecture_b,0.0070098103786512215
MedNeXt,Swin UNETR,Augmented,clean,dice,architecture_a_minus_architecture_b,653,0.5431148790918172,0.5387052408141143,0.0044096382777029566,3.1330977301146926e-09,-0.005922906631545833,0.014603154243646927,0.01964224136750909,0.032871363528684194,atlas_architecture_pairwise_dice_Augmented_clean,runs/mednext/run_DA_kfold_01/eval_local/test_clean_metrics.json;runs/mednext/run_DA_kfold_02/eval_local/test_clean_metrics.json;runs/mednext/run_DA_kfold_03/eval_local/test_clean_metrics.json;runs/mednext/run_DA_kfold_04/eval_local/test_clean_metrics.json;runs/mednext/run_DA_kfold_05/eval_local/test_clean_metrics.json;runs/swin/run_DA_kfold_01/eval_local/test_clean_metrics.json;runs/swin/run_DA_kfold_02/eval_local/test_clean_metrics.json;runs/swin/run_DA_kfold_03/eval_local/test_clean_metrics.json;runs/swin/run_DA_kfold_04/eval_local/test_clean_metrics.json;runs/swin/run_DA_kfold_05/eval_local/test_clean_metrics.json,positive means architecture_a has higher Dice than architecture_b,0.01964224136750909
MedNeXt,UXNet,Augmented,clean,dice,architecture_a_minus_architecture_b,653,0.5431148790918172,0.527306966277858,0.015807912813959168,0.00046487634097902575,0.0038925285167710827,0.02768364582755184,0.0011851072424642465,0.10071940815712464,atlas_architecture_pairwise_dice_Augmented_clean,runs/mednext/run_DA_kfold_01/eval_local/test_clean_metrics.json;runs/mednext/run_DA_kfold_02/eval_local/test_clean_metrics.json;runs/mednext/run_DA_kfold_03/eval_local/test_clean_metrics.json;runs/mednext/run_DA_kfold_04/eval_local/test_clean_metrics.json;runs/mednext/run_DA_kfold_05/eval_local/test_clean_metrics.json;runs/uxnet/run_DA_kfold_01/eval_local/test_clean_metrics.json;runs/uxnet/run_DA_kfold_02/eval_local/test_clean_metrics.json;runs/uxnet/run_DA_kfold_03/eval_local/test_clean_metrics.json;runs/uxnet/run_DA_kfold_04/eval_local/test_clean_metrics.json;runs/uxnet/run_DA_kfold_05/eval_local/test_clean_metrics.json,positive means architecture_a has higher Dice than architecture_b,0.004740428969856986
Swin UNETR,UXNet,Augmented,clean,dice,architecture_a_minus_architecture_b,653,0.5387052408141143,0.527306966277858,0.011398274536256211,0.0002536363187664592,0.001499750969694933,0.0209884259232652,0.009747961814431046,0.08931311498245166,atlas_architecture_pairwise_dice_Augmented_clean,runs/swin/run_DA_kfold_01/eval_local/test_clean_metrics.json;runs/swin/run_DA_kfold_02/eval_local/test_clean_metrics.json;runs/swin/run_DA_kfold_03/eval_local/test_clean_metrics.json;runs/swin/run_DA_kfold_04/eval_local/test_clean_metrics.json;runs/swin/run_DA_kfold_05/eval_local/test_clean_metrics.json;runs/uxnet/run_DA_kfold_01/eval_local/test_clean_metrics.json;runs/uxnet/run_DA_kfold_02/eval_local/test_clean_metrics.json;runs/uxnet/run_DA_kfold_03/eval_local/test_clean_metrics.json;runs/uxnet/run_DA_kfold_04/eval_local/test_clean_metrics.json;runs/uxnet/run_DA_kfold_05/eval_local/test_clean_metrics.json,positive means architecture_a has higher Dice than architecture_b,0.019495923628862093
Base CNN,MedNeXt,Standard,artifact,dice,architecture_a_minus_architecture_b,653,0.4694694759399102,0.4922251218179799,-0.02275564587806969,-0.002989272812697563,-0.037574494392743116,-0.008275033813552242,6.296802244432857e-05,-0.12102659138389317,atlas_architecture_pairwise_dice_Standard_artifact,runs/base_cnn/run_kfold_01/eval_local/test_augmented_metrics.json;runs/base_cnn/run_kfold_02/eval_local/test_augmented_metrics.json;runs/base_cnn/run_kfold_03/eval_local/test_augmented_metrics.json;runs/base_cnn/run_kfold_04/eval_local/test_augmented_metrics.json;runs/base_cnn/run_kfold_05/eval_local/test_augmented_metrics.json;runs/mednext/run_kfold_01/eval_local/test_augmented_metrics.json;runs/mednext/run_kfold_02/eval_local/test_augmented_metrics.json;runs/mednext/run_kfold_03/eval_local/test_augmented_metrics.json;runs/mednext/run_kfold_04/eval_local/test_augmented_metrics.json;runs/mednext/run_kfold_05/eval_local/test_augmented_metrics.json,positive means architecture_a has higher Dice than architecture_b,0.0003778081346659714
Base CNN,Swin UNETR,Standard,artifact,dice,architecture_a_minus_architecture_b,653,0.4694694759399102,0.47583644158507377,-0.0063669656451635775,-5.737793595909288e-09,-0.020451947987305607,0.007610648605796966,0.08274585440918078,-0.03517435339346001,atlas_architecture_pairwise_dice_Standard_artifact,runs/base_cnn/run_kfold_01/eval_local/test_augmented_metrics.json;runs/base_cnn/run_kfold_02/eval_local/test_augmented_metrics.json;runs/base_cnn/run_kfold_03/eval_local/test_augmented_metrics.json;runs/base_cnn/run_kfold_04/eval_local/test_augmented_metrics.json;runs/base_cnn/run_kfold_05/eval_local/test_augmented_metrics.json;runs/swin/run_kfold_01/eval_local/test_augmented_metrics.json;runs/swin/run_kfold_02/eval_local/test_augmented_metrics.json;runs/swin/run_kfold_03/eval_local/test_augmented_metrics.json;runs/swin/run_kfold_04/eval_local/test_augmented_metrics.json;runs/swin/run_kfold_05/eval_local/test_augmented_metrics.json,positive means architecture_a has higher Dice than architecture_b,0.24823756322754234
Base CNN,UXNet,Standard,artifact,dice,architecture_a_minus_architecture_b,653,0.4694694759399102,0.4793412583190633,-0.009871782379153104,-0.003223915658384283,-0.024351080890820723,0.004777833718224714,0.016055846408157767,-0.051851974528371585,atlas_architecture_pairwise_dice_Standard_artifact,runs/base_cnn/run_kfold_01/eval_local/test_augmented_metrics.json;runs/base_cnn/run_kfold_02/eval_local/test_augmented_metrics.json;runs/base_cnn/run_kfold_03/eval_local/test_augmented_metrics.json;runs/base_cnn/run_kfold_04/eval_local/test_augmented_metrics.json;runs/base_cnn/run_kfold_05/eval_local/test_augmented_metrics.json;runs/uxnet/run_kfold_01/eval_local/test_augmented_metrics.json;runs/uxnet/run_kfold_02/eval_local/test_augmented_metrics.json;runs/uxnet/run_kfold_03/eval_local/test_augmented_metrics.json;runs/uxnet/run_kfold_04/eval_local/test_augmented_metrics.json;runs/uxnet/run_kfold_05/eval_local/test_augmented_metrics.json,positive means architecture_a has higher Dice than architecture_b,0.06422338563263107
MedNeXt,Swin UNETR,Standard,artifact,dice,architecture_a_minus_architecture_b,653,0.4922251218179799,0.47583644158507377,0.016388680232906114,3.78202811658127e-09,0.0016561516125273327,0.031255270844007865,0.002712949441797828,0.0862447019853141,atlas_architecture_pairwise_dice_Standard_artifact,runs/mednext/run_kfold_01/eval_local/test_augmented_metrics.json;runs/mednext/run_kfold_02/eval_local/test_augmented_metrics.json;runs/mednext/run_kfold_03/eval_local/test_augmented_metrics.json;runs/mednext/run_kfold_04/eval_local/test_augmented_metrics.json;runs/mednext/run_kfold_05/eval_local/test_augmented_metrics.json;runs/swin/run_kfold_01/eval_local/test_augmented_metrics.json;runs/swin/run_kfold_02/eval_local/test_augmented_metrics.json;runs/swin/run_kfold_03/eval_local/test_augmented_metrics.json;runs/swin/run_kfold_04/eval_local/test_augmented_metrics.json;runs/swin/run_kfold_05/eval_local/test_augmented_metrics.json,positive means architecture_a has higher Dice than architecture_b,0.01356474720898914
MedNeXt,UXNet,Standard,artifact,dice,architecture_a_minus_architecture_b,653,0.4922251218179799,0.4793412583190633,0.012883863498916586,1.6166572130715855e-12,-0.0017923814524419665,0.028033279269242223,0.2367335267048396,0.06511264422000188,atlas_architecture_pairwise_dice_Standard_artifact,runs/mednext/run_kfold_01/eval_local/test_augmented_metrics.json;runs/mednext/run_kfold_02/eval_local/test_augmented_metrics.json;runs/mednext/run_kfold_03/eval_local/test_augmented_metrics.json;runs/mednext/run_kfold_04/eval_local/test_augmented_metrics.json;runs/mednext/run_kfold_05/eval_local/test_augmented_metrics.json;runs/uxnet/run_kfold_01/eval_local/test_augmented_metrics.json;runs/uxnet/run_kfold_02/eval_local/test_augmented_metrics.json;runs/uxnet/run_kfold_03/eval_local/test_augmented_metrics.json;runs/uxnet/run_kfold_04/eval_local/test_augmented_metrics.json;runs/uxnet/run_kfold_05/eval_local/test_augmented_metrics.json,positive means architecture_a has higher Dice than architecture_b,0.3675150094690629
Swin UNETR,UXNet,Standard,artifact,dice,architecture_a_minus_architecture_b,653,0.47583644158507377,0.4793412583190633,-0.003504816733989529,-3.272502795601848e-10,-0.01693248900361377,0.010082738604742167,0.18375750473453145,-0.019712429038949947,atlas_architecture_pairwise_dice_Standard_artifact,runs/swin/run_kfold_01/eval_local/test_augmented_metrics.json;runs/swin/run_kfold_02/eval_local/test_augmented_metrics.json;runs/swin/run_kfold_03/eval_local/test_augmented_metrics.json;runs/swin/run_kfold_04/eval_local/test_augmented_metrics.json;runs/swin/run_kfold_05/eval_local/test_augmented_metrics.json;runs/uxnet/run_kfold_01/eval_local/test_augmented_metrics.json;runs/uxnet/run_kfold_02/eval_local/test_augmented_metrics.json;runs/uxnet/run_kfold_03/eval_local/test_augmented_metrics.json;runs/uxnet/run_kfold_04/eval_local/test_augmented_metrics.json;runs/uxnet/run_kfold_05/eval_local/test_augmented_metrics.json,positive means architecture_a has higher Dice than architecture_b,0.3675150094690629
Base CNN,MedNeXt,Standard,clean,dice,architecture_a_minus_architecture_b,653,0.5186795153378758,0.5357160441690193,-0.01703652883114349,-0.007091404649639643,-0.028021423247506314,-0.005720420462993929,3.1069756407683523e-06,-0.11638322582035171,atlas_architecture_pairwise_dice_Standard_clean,runs/base_cnn/run_kfold_01/eval_local/test_clean_metrics.json;runs/base_cnn/run_kfold_02/eval_local/test_clean_metrics.json;runs/base_cnn/run_kfold_03/eval_local/test_clean_metrics.json;runs/base_cnn/run_kfold_04/eval_local/test_clean_metrics.json;runs/base_cnn/run_kfold_05/eval_local/test_clean_metrics.json;runs/mednext/run_kfold_01/eval_local/test_clean_metrics.json;runs/mednext/run_kfold_02/eval_local/test_clean_metrics.json;runs/mednext/run_kfold_03/eval_local/test_clean_metrics.json;runs/mednext/run_kfold_04/eval_local/test_clean_metrics.json;runs/mednext/run_kfold_05/eval_local/test_clean_metrics.json,positive means architecture_a has higher Dice than architecture_b,1.8641853844610114e-05
Base CNN,Swin UNETR,Standard,clean,dice,architecture_a_minus_architecture_b,653,0.5186795153378758,0.5241403263821112,-0.005460811044235351,-0.00029433514991594745,-0.016389008891072452,0.005532057617786005,0.05606803023590897,-0.03844349452503032,atlas_architecture_pairwise_dice_Standard_clean,runs/base_cnn/run_kfold_01/eval_local/test_clean_metrics.json;runs/base_cnn/run_kfold_02/eval_local/test_clean_metrics.json;runs/base_cnn/run_kfold_03/eval_local/test_clean_metrics.json;runs/base_cnn/run_kfold_04/eval_local/test_clean_metrics.json;runs/base_cnn/run_kfold_05/eval_local/test_clean_metrics.json;runs/swin/run_kfold_01/eval_local/test_clean_metrics.json;runs/swin/run_kfold_02/eval_local/test_clean_metrics.json;runs/swin/run_kfold_03/eval_local/test_clean_metrics.json;runs/swin/run_kfold_04/eval_local/test_clean_metrics.json;runs/swin/run_kfold_05/eval_local/test_clean_metrics.json,positive means architecture_a has higher Dice than architecture_b,0.1682040907077269
Base CNN,UXNet,Standard,clean,dice,architecture_a_minus_architecture_b,653,0.5186795153378758,0.5277592129818064,-0.009079697643930539,-0.003275324815354197,-0.020023799543173924,0.0018977009237790938,0.0025775713338631687,-0.06362099091772529,atlas_architecture_pairwise_dice_Standard_clean,runs/base_cnn/run_kfold_01/eval_local/test_clean_metrics.json;runs/base_cnn/run_kfold_02/eval_local/test_clean_metrics.json;runs/base_cnn/run_kfold_03/eval_local/test_clean_metrics.json;runs/base_cnn/run_kfold_04/eval_local/test_clean_metrics.json;runs/base_cnn/run_kfold_05/eval_local/test_clean_metrics.json;runs/uxnet/run_kfold_01/eval_local/test_clean_metrics.json;runs/uxnet/run_kfold_02/eval_local/test_clean_metrics.json;runs/uxnet/run_kfold_03/eval_local/test_clean_metrics.json;runs/uxnet/run_kfold_04/eval_local/test_clean_metrics.json;runs/uxnet/run_kfold_05/eval_local/test_clean_metrics.json,positive means architecture_a has higher Dice than architecture_b,0.010310285335452675
MedNeXt,Swin UNETR,Standard,clean,dice,architecture_a_minus_architecture_b,653,0.5357160441690193,0.5241403263821112,0.011575717786908137,0.002126102855031453,-0.0001267614492636884,0.023299188115710013,0.0006823490629094868,0.07658270037062755,atlas_architecture_pairwise_dice_Standard_clean,runs/mednext/run_kfold_01/eval_local/test_clean_metrics.json;runs/mednext/run_kfold_02/eval_local/test_clean_metrics.json;runs/mednext/run_kfold_03/eval_local/test_clean_metrics.json;runs/mednext/run_kfold_04/eval_local/test_clean_metrics.json;runs/mednext/run_kfold_05/eval_local/test_clean_metrics.json;runs/swin/run_kfold_01/eval_local/test_clean_metrics.json;runs/swin/run_kfold_02/eval_local/test_clean_metrics.json;runs/swin/run_kfold_03/eval_local/test_clean_metrics.json;runs/swin/run_kfold_04/eval_local/test_clean_metrics.json;runs/swin/run_kfold_05/eval_local/test_clean_metrics.json,positive means architecture_a has higher Dice than architecture_b,0.003411745314547434
MedNeXt,UXNet,Standard,clean,dice,architecture_a_minus_architecture_b,653,0.5357160441690193,0.5277592129818064,0.007956831187212948,8.652390171891629e-11,-0.005174695876375589,0.021066590287298542,0.21032909357115503,0.04653273402873812,atlas_architecture_pairwise_dice_Standard_clean,runs/mednext/run_kfold_01/eval_local/test_clean_metrics.json;runs/mednext/run_kfold_02/eval_local/test_clean_metrics.json;runs/mednext/run_kfold_03/eval_local/test_clean_metrics.json;runs/mednext/run_kfold_04/eval_local/test_clean_metrics.json;runs/mednext/run_kfold_05/eval_local/test_clean_metrics.json;runs/uxnet/run_kfold_01/eval_local/test_clean_metrics.json;runs/uxnet/run_kfold_02/eval_local/test_clean_metrics.json;runs/uxnet/run_kfold_03/eval_local/test_clean_metrics.json;runs/uxnet/run_kfold_04/eval_local/test_clean_metrics.json;runs/uxnet/run_kfold_05/eval_local/test_clean_metrics.json,positive means architecture_a has higher Dice than architecture_b,0.42065818714231007
Swin UNETR,UXNet,Standard,clean,dice,architecture_a_minus_architecture_b,653,0.5241403263821112,0.5277592129818064,-0.003618886599695187,-7.246683228051768e-10,-0.014728515067513104,0.007259157789560747,0.24420964161789227,-0.0251240889578998,atlas_architecture_pairwise_dice_Standard_clean,runs/swin/run_kfold_01/eval_local/test_clean_metrics.json;runs/swin/run_kfold_02/eval_local/test_clean_metrics.json;runs/swin/run_kfold_03/eval_local/test_clean_metrics.json;runs/swin/run_kfold_04/eval_local/test_clean_metrics.json;runs/swin/run_kfold_05/eval_local/test_clean_metrics.json;runs/uxnet/run_kfold_01/eval_local/test_clean_metrics.json;runs/uxnet/run_kfold_02/eval_local/test_clean_metrics.json;runs/uxnet/run_kfold_03/eval_local/test_clean_metrics.json;runs/uxnet/run_kfold_04/eval_local/test_clean_metrics.json;runs/uxnet/run_kfold_05/eval_local/test_clean_metrics.json,positive means architecture_a has higher Dice than architecture_b,0.42065818714231007
