architecture,training_condition,evaluation_condition,lesion_size_bin,lesion_size_bin_label,lesion_voxel_range,n,mean_dice,median_dice,iqr_dice,catastrophic_failure_rate_dice_lt_0_1,strong_performance_rate_dice_ge_0_7,mean_precision,mean_recall,median_predicted_voxel_count,median_ground_truth_voxel_count,source_metric_files
Base CNN,Augmented,artifact,1,"[13, 1159)","[13, 1159)",163,0.2943782037703109,0.2366412242876289,0.5714285674939715,0.4294478527607362,0.12883435582822086,0.42979892276391185,0.369149114283676,456.0,509.0,runs/base_cnn/run_DA_kfold_01/eval_local/test_augmented_metrics.json;runs/base_cnn/run_DA_kfold_02/eval_local/test_augmented_metrics.json;runs/base_cnn/run_DA_kfold_03/eval_local/test_augmented_metrics.json;runs/base_cnn/run_DA_kfold_04/eval_local/test_augmented_metrics.json;runs/base_cnn/run_DA_kfold_05/eval_local/test_augmented_metrics.json
Base CNN,Augmented,artifact,2,"[1159, 5290)","[1159, 5290)",163,0.4113434879166157,0.4644471847659486,0.5060203917856352,0.20245398773006135,0.1901840490797546,0.5125218575202417,0.4684409961711134,2455.0,2492.0,runs/base_cnn/run_DA_kfold_01/eval_local/test_augmented_metrics.json;runs/base_cnn/run_DA_kfold_02/eval_local/test_augmented_metrics.json;runs/base_cnn/run_DA_kfold_03/eval_local/test_augmented_metrics.json;runs/base_cnn/run_DA_kfold_04/eval_local/test_augmented_metrics.json;runs/base_cnn/run_DA_kfold_05/eval_local/test_augmented_metrics.json
Base CNN,Augmented,artifact,3,"[5290, 36236)","[5290, 36236)",163,0.5353206397361576,0.6151343143350242,0.436894734187111,0.08588957055214724,0.36809815950920244,0.6418555339639365,0.5347022743509324,9564.0,12541.0,runs/base_cnn/run_DA_kfold_01/eval_local/test_augmented_metrics.json;runs/base_cnn/run_DA_kfold_02/eval_local/test_augmented_metrics.json;runs/base_cnn/run_DA_kfold_03/eval_local/test_augmented_metrics.json;runs/base_cnn/run_DA_kfold_04/eval_local/test_augmented_metrics.json;runs/base_cnn/run_DA_kfold_05/eval_local/test_augmented_metrics.json
Base CNN,Augmented,artifact,4,"[36236, 496656]","[36236, 496656]",164,0.70496459712318,0.7688407706488019,0.1737898799950831,0.018292682926829267,0.7012195121951219,0.8044046662172751,0.672631914235029,81096.5,84688.0,runs/base_cnn/run_DA_kfold_01/eval_local/test_augmented_metrics.json;runs/base_cnn/run_DA_kfold_02/eval_local/test_augmented_metrics.json;runs/base_cnn/run_DA_kfold_03/eval_local/test_augmented_metrics.json;runs/base_cnn/run_DA_kfold_04/eval_local/test_augmented_metrics.json;runs/base_cnn/run_DA_kfold_05/eval_local/test_augmented_metrics.json
Base CNN,Augmented,clean,1,"[13, 1159)","[13, 1159)",163,0.3069118527306092,0.2653316655002107,0.5947888549798915,0.4233128834355828,0.15337423312883436,0.4371728250188256,0.3820682420387971,366.0,509.0,runs/base_cnn/run_DA_kfold_01/eval_local/test_clean_metrics.json;runs/base_cnn/run_DA_kfold_02/eval_local/test_clean_metrics.json;runs/base_cnn/run_DA_kfold_03/eval_local/test_clean_metrics.json;runs/base_cnn/run_DA_kfold_04/eval_local/test_clean_metrics.json;runs/base_cnn/run_DA_kfold_05/eval_local/test_clean_metrics.json
Base CNN,Augmented,clean,2,"[1159, 5290)","[1159, 5290)",163,0.4499768717628553,0.5075104654632467,0.488914107436288,0.15950920245398773,0.2085889570552147,0.5620308756460833,0.49716287194320896,2196.0,2492.0,runs/base_cnn/run_DA_kfold_01/eval_local/test_clean_metrics.json;runs/base_cnn/run_DA_kfold_02/eval_local/test_clean_metrics.json;runs/base_cnn/run_DA_kfold_03/eval_local/test_clean_metrics.json;runs/base_cnn/run_DA_kfold_04/eval_local/test_clean_metrics.json;runs/base_cnn/run_DA_kfold_05/eval_local/test_clean_metrics.json
Base CNN,Augmented,clean,3,"[5290, 36236)","[5290, 36236)",163,0.5784828932061525,0.6435825859925413,0.3557610344530416,0.06748466257668712,0.4110429447852761,0.6858809258920112,0.5719134121889092,10371.0,12541.0,runs/base_cnn/run_DA_kfold_01/eval_local/test_clean_metrics.json;runs/base_cnn/run_DA_kfold_02/eval_local/test_clean_metrics.json;runs/base_cnn/run_DA_kfold_03/eval_local/test_clean_metrics.json;runs/base_cnn/run_DA_kfold_04/eval_local/test_clean_metrics.json;runs/base_cnn/run_DA_kfold_05/eval_local/test_clean_metrics.json
Base CNN,Augmented,clean,4,"[36236, 496656]","[36236, 496656]",164,0.7372235948793457,0.7957882009593724,0.15128710512938204,0.012195121951219513,0.7621951219512195,0.8275310799930854,0.7089393917900882,81739.0,84688.0,runs/base_cnn/run_DA_kfold_01/eval_local/test_clean_metrics.json;runs/base_cnn/run_DA_kfold_02/eval_local/test_clean_metrics.json;runs/base_cnn/run_DA_kfold_03/eval_local/test_clean_metrics.json;runs/base_cnn/run_DA_kfold_04/eval_local/test_clean_metrics.json;runs/base_cnn/run_DA_kfold_05/eval_local/test_clean_metrics.json
Base CNN,Standard,artifact,1,"[13, 1159)","[13, 1159)",163,0.25340114577367,0.07927695299170084,0.5157434111862221,0.5153374233128835,0.08588957055214724,0.3555926488298595,0.33330565091188286,515.0,509.0,runs/base_cnn/run_kfold_01/eval_local/test_augmented_metrics.json;runs/base_cnn/run_kfold_02/eval_local/test_augmented_metrics.json;runs/base_cnn/run_kfold_03/eval_local/test_augmented_metrics.json;runs/base_cnn/run_kfold_04/eval_local/test_augmented_metrics.json;runs/base_cnn/run_kfold_05/eval_local/test_augmented_metrics.json
Base CNN,Standard,artifact,2,"[1159, 5290)","[1159, 5290)",163,0.3922600079249296,0.4209495840868944,0.49076144686149864,0.22699386503067484,0.1901840490797546,0.4776921453450833,0.4550541170445816,2487.0,2492.0,runs/base_cnn/run_kfold_01/eval_local/test_augmented_metrics.json;runs/base_cnn/run_kfold_02/eval_local/test_augmented_metrics.json;runs/base_cnn/run_kfold_03/eval_local/test_augmented_metrics.json;runs/base_cnn/run_kfold_04/eval_local/test_augmented_metrics.json;runs/base_cnn/run_kfold_05/eval_local/test_augmented_metrics.json
Base CNN,Standard,artifact,3,"[5290, 36236)","[5290, 36236)",163,0.5257638410808008,0.618364750802685,0.4374849681400865,0.11042944785276074,0.3374233128834356,0.6132089818020207,0.5375705542094795,11040.0,12541.0,runs/base_cnn/run_kfold_01/eval_local/test_augmented_metrics.json;runs/base_cnn/run_kfold_02/eval_local/test_augmented_metrics.json;runs/base_cnn/run_kfold_03/eval_local/test_augmented_metrics.json;runs/base_cnn/run_kfold_04/eval_local/test_augmented_metrics.json;runs/base_cnn/run_kfold_05/eval_local/test_augmented_metrics.json
Base CNN,Standard,artifact,4,"[36236, 496656]","[36236, 496656]",164,0.7050078880470677,0.7672185656980715,0.15411661326662607,0.012195121951219513,0.7134146341463414,0.8011603443252762,0.673592201182247,79181.0,84688.0,runs/base_cnn/run_kfold_01/eval_local/test_augmented_metrics.json;runs/base_cnn/run_kfold_02/eval_local/test_augmented_metrics.json;runs/base_cnn/run_kfold_03/eval_local/test_augmented_metrics.json;runs/base_cnn/run_kfold_04/eval_local/test_augmented_metrics.json;runs/base_cnn/run_kfold_05/eval_local/test_augmented_metrics.json
Base CNN,Standard,clean,1,"[13, 1159)","[13, 1159)",163,0.30166420301035207,0.2772041305491644,0.5653098390670336,0.43558282208588955,0.13496932515337423,0.45775769454718634,0.37080060555035305,340.0,509.0,runs/base_cnn/run_kfold_01/eval_local/test_clean_metrics.json;runs/base_cnn/run_kfold_02/eval_local/test_clean_metrics.json;runs/base_cnn/run_kfold_03/eval_local/test_clean_metrics.json;runs/base_cnn/run_kfold_04/eval_local/test_clean_metrics.json;runs/base_cnn/run_kfold_05/eval_local/test_clean_metrics.json
Base CNN,Standard,clean,2,"[1159, 5290)","[1159, 5290)",163,0.4371607960949842,0.4668753261693075,0.5043243566172768,0.17791411042944785,0.25153374233128833,0.5365526648181062,0.49896837091637875,2277.0,2492.0,runs/base_cnn/run_kfold_01/eval_local/test_clean_metrics.json;runs/base_cnn/run_kfold_02/eval_local/test_clean_metrics.json;runs/base_cnn/run_kfold_03/eval_local/test_clean_metrics.json;runs/base_cnn/run_kfold_04/eval_local/test_clean_metrics.json;runs/base_cnn/run_kfold_05/eval_local/test_clean_metrics.json
Base CNN,Standard,clean,3,"[5290, 36236)","[5290, 36236)",163,0.5921061027182266,0.6607009334605104,0.3211604593418075,0.05521472392638037,0.4110429447852761,0.6959032187994499,0.5926160165580265,10799.0,12541.0,runs/base_cnn/run_kfold_01/eval_local/test_clean_metrics.json;runs/base_cnn/run_kfold_02/eval_local/test_clean_metrics.json;runs/base_cnn/run_kfold_03/eval_local/test_clean_metrics.json;runs/base_cnn/run_kfold_04/eval_local/test_clean_metrics.json;runs/base_cnn/run_kfold_05/eval_local/test_clean_metrics.json
Base CNN,Standard,clean,4,"[36236, 496656]","[36236, 496656]",164,0.7424143531609279,0.7944596460751134,0.12310433379577912,0.006097560975609756,0.7560975609756098,0.8189690758221003,0.7222136068418707,83401.0,84688.0,runs/base_cnn/run_kfold_01/eval_local/test_clean_metrics.json;runs/base_cnn/run_kfold_02/eval_local/test_clean_metrics.json;runs/base_cnn/run_kfold_03/eval_local/test_clean_metrics.json;runs/base_cnn/run_kfold_04/eval_local/test_clean_metrics.json;runs/base_cnn/run_kfold_05/eval_local/test_clean_metrics.json
MedNeXt,Augmented,artifact,1,"[13, 1159)","[13, 1159)",163,0.3126739779208184,0.29389102955757235,0.5950366275543046,0.4233128834355828,0.147239263803681,0.5060928743261881,0.3970986679713693,434.0,509.0,runs/mednext/run_DA_kfold_01/eval_local/test_augmented_metrics.json;runs/mednext/run_DA_kfold_02/eval_local/test_augmented_metrics.json;runs/mednext/run_DA_kfold_03/eval_local/test_augmented_metrics.json;runs/mednext/run_DA_kfold_04/eval_local/test_augmented_metrics.json;runs/mednext/run_DA_kfold_05/eval_local/test_augmented_metrics.json
MedNeXt,Augmented,artifact,2,"[1159, 5290)","[1159, 5290)",163,0.4374045657198892,0.4702510917753478,0.515988120579321,0.17177914110429449,0.2331288343558282,0.5456856526309816,0.4843158626540556,2239.0,2492.0,runs/mednext/run_DA_kfold_01/eval_local/test_augmented_metrics.json;runs/mednext/run_DA_kfold_02/eval_local/test_augmented_metrics.json;runs/mednext/run_DA_kfold_03/eval_local/test_augmented_metrics.json;runs/mednext/run_DA_kfold_04/eval_local/test_augmented_metrics.json;runs/mednext/run_DA_kfold_05/eval_local/test_augmented_metrics.json
MedNeXt,Augmented,artifact,3,"[5290, 36236)","[5290, 36236)",163,0.5696024518184892,0.6493906000613413,0.36511037055843365,0.08588957055214724,0.4171779141104294,0.6749226306851541,0.5581214401053065,9787.0,12541.0,runs/mednext/run_DA_kfold_01/eval_local/test_augmented_metrics.json;runs/mednext/run_DA_kfold_02/eval_local/test_augmented_metrics.json;runs/mednext/run_DA_kfold_03/eval_local/test_augmented_metrics.json;runs/mednext/run_DA_kfold_04/eval_local/test_augmented_metrics.json;runs/mednext/run_DA_kfold_05/eval_local/test_augmented_metrics.json
MedNeXt,Augmented,artifact,4,"[36236, 496656]","[36236, 496656]",164,0.735711454343432,0.8007803611842482,0.14946822663716275,0.024390243902439025,0.75,0.8302368515191924,0.703818404451671,77167.0,84688.0,runs/mednext/run_DA_kfold_01/eval_local/test_augmented_metrics.json;runs/mednext/run_DA_kfold_02/eval_local/test_augmented_metrics.json;runs/mednext/run_DA_kfold_03/eval_local/test_augmented_metrics.json;runs/mednext/run_DA_kfold_04/eval_local/test_augmented_metrics.json;runs/mednext/run_DA_kfold_05/eval_local/test_augmented_metrics.json
MedNeXt,Augmented,clean,1,"[13, 1159)","[13, 1159)",163,0.3393351995708992,0.33657942807773,0.6480733979169172,0.4171779141104294,0.17791411042944785,0.5699448270256009,0.41711373370308163,327.0,509.0,runs/mednext/run_DA_kfold_01/eval_local/test_clean_metrics.json;runs/mednext/run_DA_kfold_02/eval_local/test_clean_metrics.json;runs/mednext/run_DA_kfold_03/eval_local/test_clean_metrics.json;runs/mednext/run_DA_kfold_04/eval_local/test_clean_metrics.json;runs/mednext/run_DA_kfold_05/eval_local/test_clean_metrics.json
MedNeXt,Augmented,clean,2,"[1159, 5290)","[1159, 5290)",163,0.46766173535343464,0.4972687889438182,0.4548730749562091,0.12883435582822086,0.24539877300613497,0.5924382470828523,0.5091064016328958,2124.0,2492.0,runs/mednext/run_DA_kfold_01/eval_local/test_clean_metrics.json;runs/mednext/run_DA_kfold_02/eval_local/test_clean_metrics.json;runs/mednext/run_DA_kfold_03/eval_local/test_clean_metrics.json;runs/mednext/run_DA_kfold_04/eval_local/test_clean_metrics.json;runs/mednext/run_DA_kfold_05/eval_local/test_clean_metrics.json
MedNeXt,Augmented,clean,3,"[5290, 36236)","[5290, 36236)",163,0.5955075690046959,0.689324556404599,0.33431061515750116,0.06748466257668712,0.48466257668711654,0.7132515868891595,0.5931069244880341,10070.0,12541.0,runs/mednext/run_DA_kfold_01/eval_local/test_clean_metrics.json;runs/mednext/run_DA_kfold_02/eval_local/test_clean_metrics.json;runs/mednext/run_DA_kfold_03/eval_local/test_clean_metrics.json;runs/mednext/run_DA_kfold_04/eval_local/test_clean_metrics.json;runs/mednext/run_DA_kfold_05/eval_local/test_clean_metrics.json
MedNeXt,Augmented,clean,4,"[36236, 496656]","[36236, 496656]",164,0.7685718408934439,0.8108725391658341,0.13374699536825385,0.012195121951219513,0.8048780487804879,0.8474680049209473,0.7417182720406245,80655.0,84688.0,runs/mednext/run_DA_kfold_01/eval_local/test_clean_metrics.json;runs/mednext/run_DA_kfold_02/eval_local/test_clean_metrics.json;runs/mednext/run_DA_kfold_03/eval_local/test_clean_metrics.json;runs/mednext/run_DA_kfold_04/eval_local/test_clean_metrics.json;runs/mednext/run_DA_kfold_05/eval_local/test_clean_metrics.json
MedNeXt,Standard,artifact,1,"[13, 1159)","[13, 1159)",163,0.2776173967735286,0.11369509272947004,0.5565424577890052,0.49693251533742333,0.1656441717791411,0.46177483267243014,0.3542192257508194,451.0,509.0,runs/mednext/run_kfold_01/eval_local/test_augmented_metrics.json;runs/mednext/run_kfold_02/eval_local/test_augmented_metrics.json;runs/mednext/run_kfold_03/eval_local/test_augmented_metrics.json;runs/mednext/run_kfold_04/eval_local/test_augmented_metrics.json;runs/mednext/run_kfold_05/eval_local/test_augmented_metrics.json
MedNeXt,Standard,artifact,2,"[1159, 5290)","[1159, 5290)",163,0.42274528466596095,0.4467675379788811,0.4878504923385816,0.17791411042944785,0.19631901840490798,0.5281153285363487,0.45901280600425814,2135.0,2492.0,runs/mednext/run_kfold_01/eval_local/test_augmented_metrics.json;runs/mednext/run_kfold_02/eval_local/test_augmented_metrics.json;runs/mednext/run_kfold_03/eval_local/test_augmented_metrics.json;runs/mednext/run_kfold_04/eval_local/test_augmented_metrics.json;runs/mednext/run_kfold_05/eval_local/test_augmented_metrics.json
MedNeXt,Standard,artifact,3,"[5290, 36236)","[5290, 36236)",163,0.5352693557524275,0.6152238806161581,0.3805032419806885,0.10429447852760736,0.3496932515337423,0.6768788925959557,0.5095279543535469,9186.0,12541.0,runs/mednext/run_kfold_01/eval_local/test_augmented_metrics.json;runs/mednext/run_kfold_02/eval_local/test_augmented_metrics.json;runs/mednext/run_kfold_03/eval_local/test_augmented_metrics.json;runs/mednext/run_kfold_04/eval_local/test_augmented_metrics.json;runs/mednext/run_kfold_05/eval_local/test_augmented_metrics.json
MedNeXt,Standard,artifact,4,"[36236, 496656]","[36236, 496656]",164,0.7317986736881609,0.7796941516695746,0.1834356192992821,0.012195121951219513,0.7134146341463414,0.8403405977592797,0.6886929489200697,78428.0,84688.0,runs/mednext/run_kfold_01/eval_local/test_augmented_metrics.json;runs/mednext/run_kfold_02/eval_local/test_augmented_metrics.json;runs/mednext/run_kfold_03/eval_local/test_augmented_metrics.json;runs/mednext/run_kfold_04/eval_local/test_augmented_metrics.json;runs/mednext/run_kfold_05/eval_local/test_augmented_metrics.json
MedNeXt,Standard,clean,1,"[13, 1159)","[13, 1159)",163,0.3209695156231574,0.2408376969975238,0.6567895773290623,0.4539877300613497,0.2085889570552147,0.570522505260076,0.3922729068191837,372.0,509.0,runs/mednext/run_kfold_01/eval_local/test_clean_metrics.json;runs/mednext/run_kfold_02/eval_local/test_clean_metrics.json;runs/mednext/run_kfold_03/eval_local/test_clean_metrics.json;runs/mednext/run_kfold_04/eval_local/test_clean_metrics.json;runs/mednext/run_kfold_05/eval_local/test_clean_metrics.json
MedNeXt,Standard,clean,2,"[1159, 5290)","[1159, 5290)",163,0.46926432880531305,0.49722119322074065,0.48129985655459917,0.13496932515337423,0.24539877300613497,0.5984602149718236,0.505883729021948,2038.0,2492.0,runs/mednext/run_kfold_01/eval_local/test_clean_metrics.json;runs/mednext/run_kfold_02/eval_local/test_clean_metrics.json;runs/mednext/run_kfold_03/eval_local/test_clean_metrics.json;runs/mednext/run_kfold_04/eval_local/test_clean_metrics.json;runs/mednext/run_kfold_05/eval_local/test_clean_metrics.json
MedNeXt,Standard,clean,3,"[5290, 36236)","[5290, 36236)",163,0.5825598225638061,0.6556143445234794,0.3636529175531189,0.06134969325153374,0.4662576687116564,0.7118392178394162,0.5625231957554342,9710.0,12541.0,runs/mednext/run_kfold_01/eval_local/test_clean_metrics.json;runs/mednext/run_kfold_02/eval_local/test_clean_metrics.json;runs/mednext/run_kfold_03/eval_local/test_clean_metrics.json;runs/mednext/run_kfold_04/eval_local/test_clean_metrics.json;runs/mednext/run_kfold_05/eval_local/test_clean_metrics.json
MedNeXt,Standard,clean,4,"[36236, 496656]","[36236, 496656]",164,0.768641519040418,0.8139522311760615,0.14230767287040624,0.006097560975609756,0.7987804878048781,0.8591929465134576,0.7331709685184271,80359.0,84688.0,runs/mednext/run_kfold_01/eval_local/test_clean_metrics.json;runs/mednext/run_kfold_02/eval_local/test_clean_metrics.json;runs/mednext/run_kfold_03/eval_local/test_clean_metrics.json;runs/mednext/run_kfold_04/eval_local/test_clean_metrics.json;runs/mednext/run_kfold_05/eval_local/test_clean_metrics.json
Swin UNETR,Augmented,artifact,1,"[13, 1159)","[13, 1159)",163,0.2941276039726949,0.22546973021822603,0.5850694426540933,0.4723926380368098,0.12883435582822086,0.4145972083100983,0.3805450928939722,443.0,509.0,runs/swin/run_DA_kfold_01/eval_local/test_augmented_metrics.json;runs/swin/run_DA_kfold_02/eval_local/test_augmented_metrics.json;runs/swin/run_DA_kfold_03/eval_local/test_augmented_metrics.json;runs/swin/run_DA_kfold_04/eval_local/test_augmented_metrics.json;runs/swin/run_DA_kfold_05/eval_local/test_augmented_metrics.json
Swin UNETR,Augmented,artifact,2,"[1159, 5290)","[1159, 5290)",163,0.4388004437744007,0.47283582100043065,0.46657527997177206,0.17177914110429449,0.2392638036809816,0.5305266773578464,0.4756458051566552,2151.0,2492.0,runs/swin/run_DA_kfold_01/eval_local/test_augmented_metrics.json;runs/swin/run_DA_kfold_02/eval_local/test_augmented_metrics.json;runs/swin/run_DA_kfold_03/eval_local/test_augmented_metrics.json;runs/swin/run_DA_kfold_04/eval_local/test_augmented_metrics.json;runs/swin/run_DA_kfold_05/eval_local/test_augmented_metrics.json
Swin UNETR,Augmented,artifact,3,"[5290, 36236)","[5290, 36236)",163,0.5599689901642282,0.6268912806405482,0.3868778622247305,0.0736196319018405,0.37423312883435583,0.6910159307677208,0.5399043957553101,8854.0,12541.0,runs/swin/run_DA_kfold_01/eval_local/test_augmented_metrics.json;runs/swin/run_DA_kfold_02/eval_local/test_augmented_metrics.json;runs/swin/run_DA_kfold_03/eval_local/test_augmented_metrics.json;runs/swin/run_DA_kfold_04/eval_local/test_augmented_metrics.json;runs/swin/run_DA_kfold_05/eval_local/test_augmented_metrics.json
Swin UNETR,Augmented,artifact,4,"[36236, 496656]","[36236, 496656]",164,0.7345471385226584,0.800715665909663,0.15692855986032717,0.024390243902439025,0.75,0.8309199371355948,0.7085814869993,82114.0,84688.0,runs/swin/run_DA_kfold_01/eval_local/test_augmented_metrics.json;runs/swin/run_DA_kfold_02/eval_local/test_augmented_metrics.json;runs/swin/run_DA_kfold_03/eval_local/test_augmented_metrics.json;runs/swin/run_DA_kfold_04/eval_local/test_augmented_metrics.json;runs/swin/run_DA_kfold_05/eval_local/test_augmented_metrics.json
Swin UNETR,Augmented,clean,1,"[13, 1159)","[13, 1159)",163,0.3292693737577608,0.3308270682282146,0.6131785296389268,0.4171779141104294,0.17177914110429449,0.460809187094595,0.4217336719609781,409.0,509.0,runs/swin/run_DA_kfold_01/eval_local/test_clean_metrics.json;runs/swin/run_DA_kfold_02/eval_local/test_clean_metrics.json;runs/swin/run_DA_kfold_03/eval_local/test_clean_metrics.json;runs/swin/run_DA_kfold_04/eval_local/test_clean_metrics.json;runs/swin/run_DA_kfold_05/eval_local/test_clean_metrics.json
Swin UNETR,Augmented,clean,2,"[1159, 5290)","[1159, 5290)",163,0.46864348849515325,0.49109154218900436,0.48656186107975363,0.1411042944785276,0.26993865030674846,0.5675283306363417,0.5126838143825525,2260.0,2492.0,runs/swin/run_DA_kfold_01/eval_local/test_clean_metrics.json;runs/swin/run_DA_kfold_02/eval_local/test_clean_metrics.json;runs/swin/run_DA_kfold_03/eval_local/test_clean_metrics.json;runs/swin/run_DA_kfold_04/eval_local/test_clean_metrics.json;runs/swin/run_DA_kfold_05/eval_local/test_clean_metrics.json
Swin UNETR,Augmented,clean,3,"[5290, 36236)","[5290, 36236)",163,0.5987771481122514,0.6747820226749176,0.3500765953174132,0.049079754601226995,0.4539877300613497,0.7117333917132171,0.5827710379784317,9854.0,12541.0,runs/swin/run_DA_kfold_01/eval_local/test_clean_metrics.json;runs/swin/run_DA_kfold_02/eval_local/test_clean_metrics.json;runs/swin/run_DA_kfold_03/eval_local/test_clean_metrics.json;runs/swin/run_DA_kfold_04/eval_local/test_clean_metrics.json;runs/swin/run_DA_kfold_05/eval_local/test_clean_metrics.json
Swin UNETR,Augmented,clean,4,"[36236, 496656]","[36236, 496656]",164,0.7567929912322846,0.81948423882264,0.12960229900948872,0.018292682926829267,0.7987804878048781,0.8382992657098075,0.7353408579097805,82253.0,84688.0,runs/swin/run_DA_kfold_01/eval_local/test_clean_metrics.json;runs/swin/run_DA_kfold_02/eval_local/test_clean_metrics.json;runs/swin/run_DA_kfold_03/eval_local/test_clean_metrics.json;runs/swin/run_DA_kfold_04/eval_local/test_clean_metrics.json;runs/swin/run_DA_kfold_05/eval_local/test_clean_metrics.json
Swin UNETR,Standard,artifact,1,"[13, 1159)","[13, 1159)",163,0.25874383490109754,0.08484162921808777,0.5329841715906142,0.50920245398773,0.08588957055214724,0.4286600123348055,0.3254683324812168,518.0,509.0,runs/swin/run_kfold_01/eval_local/test_augmented_metrics.json;runs/swin/run_kfold_02/eval_local/test_augmented_metrics.json;runs/swin/run_kfold_03/eval_local/test_augmented_metrics.json;runs/swin/run_kfold_04/eval_local/test_augmented_metrics.json;runs/swin/run_kfold_05/eval_local/test_augmented_metrics.json
Swin UNETR,Standard,artifact,2,"[1159, 5290)","[1159, 5290)",163,0.4194397255196263,0.45263445278388365,0.4873144705177837,0.1901840490797546,0.17177914110429449,0.5446370060380071,0.44305308197703547,1835.0,2492.0,runs/swin/run_kfold_01/eval_local/test_augmented_metrics.json;runs/swin/run_kfold_02/eval_local/test_augmented_metrics.json;runs/swin/run_kfold_03/eval_local/test_augmented_metrics.json;runs/swin/run_kfold_04/eval_local/test_augmented_metrics.json;runs/swin/run_kfold_05/eval_local/test_augmented_metrics.json
Swin UNETR,Standard,artifact,3,"[5290, 36236)","[5290, 36236)",163,0.5208755930745205,0.5568718000423215,0.3504659984185245,0.07975460122699386,0.2822085889570552,0.668196725208502,0.49204850880961803,8611.0,12541.0,runs/swin/run_kfold_01/eval_local/test_augmented_metrics.json;runs/swin/run_kfold_02/eval_local/test_augmented_metrics.json;runs/swin/run_kfold_03/eval_local/test_augmented_metrics.json;runs/swin/run_kfold_04/eval_local/test_augmented_metrics.json;runs/swin/run_kfold_05/eval_local/test_augmented_metrics.json
Swin UNETR,Standard,artifact,4,"[36236, 496656]","[36236, 496656]",164,0.7028936239959045,0.7738108096066527,0.19855582289211826,0.024390243902439025,0.676829268292683,0.833443735431933,0.6565807663240746,67389.0,84688.0,runs/swin/run_kfold_01/eval_local/test_augmented_metrics.json;runs/swin/run_kfold_02/eval_local/test_augmented_metrics.json;runs/swin/run_kfold_03/eval_local/test_augmented_metrics.json;runs/swin/run_kfold_04/eval_local/test_augmented_metrics.json;runs/swin/run_kfold_05/eval_local/test_augmented_metrics.json
Swin UNETR,Standard,clean,1,"[13, 1159)","[13, 1159)",163,0.32897497825412586,0.31088083258610966,0.6170856337976557,0.38650306748466257,0.147239263803681,0.5205071373922561,0.3885883461757125,400.0,509.0,runs/swin/run_kfold_01/eval_local/test_clean_metrics.json;runs/swin/run_kfold_02/eval_local/test_clean_metrics.json;runs/swin/run_kfold_03/eval_local/test_clean_metrics.json;runs/swin/run_kfold_04/eval_local/test_clean_metrics.json;runs/swin/run_kfold_05/eval_local/test_clean_metrics.json
Swin UNETR,Standard,clean,2,"[1159, 5290)","[1159, 5290)",163,0.4581053049057178,0.5082918741673749,0.4884783615778612,0.15337423312883436,0.2392638036809816,0.5936687008317045,0.4791999854490921,1809.0,2492.0,runs/swin/run_kfold_01/eval_local/test_clean_metrics.json;runs/swin/run_kfold_02/eval_local/test_clean_metrics.json;runs/swin/run_kfold_03/eval_local/test_clean_metrics.json;runs/swin/run_kfold_04/eval_local/test_clean_metrics.json;runs/swin/run_kfold_05/eval_local/test_clean_metrics.json
Swin UNETR,Standard,clean,3,"[5290, 36236)","[5290, 36236)",163,0.5684349870641944,0.6325340878690505,0.32553485503332014,0.0736196319018405,0.34355828220858897,0.7161547559288604,0.5388945192168249,8906.0,12541.0,runs/swin/run_kfold_01/eval_local/test_clean_metrics.json;runs/swin/run_kfold_02/eval_local/test_clean_metrics.json;runs/swin/run_kfold_03/eval_local/test_clean_metrics.json;runs/swin/run_kfold_04/eval_local/test_clean_metrics.json;runs/swin/run_kfold_05/eval_local/test_clean_metrics.json
Swin UNETR,Standard,clean,4,"[36236, 496656]","[36236, 496656]",164,0.7397234395182952,0.8026499202179098,0.1549060358525286,0.012195121951219513,0.7439024390243902,0.8581867812579783,0.6947480768102261,73753.5,84688.0,runs/swin/run_kfold_01/eval_local/test_clean_metrics.json;runs/swin/run_kfold_02/eval_local/test_clean_metrics.json;runs/swin/run_kfold_03/eval_local/test_clean_metrics.json;runs/swin/run_kfold_04/eval_local/test_clean_metrics.json;runs/swin/run_kfold_05/eval_local/test_clean_metrics.json
UXNet,Augmented,artifact,1,"[13, 1159)","[13, 1159)",163,0.3115575119632766,0.261491318425443,0.6118056702044666,0.4294478527607362,0.15950920245398773,0.4836817972630511,0.3920226072742123,397.0,509.0,runs/uxnet/run_DA_kfold_01/eval_local/test_augmented_metrics.json;runs/uxnet/run_DA_kfold_02/eval_local/test_augmented_metrics.json;runs/uxnet/run_DA_kfold_03/eval_local/test_augmented_metrics.json;runs/uxnet/run_DA_kfold_04/eval_local/test_augmented_metrics.json;runs/uxnet/run_DA_kfold_05/eval_local/test_augmented_metrics.json
UXNet,Augmented,artifact,2,"[1159, 5290)","[1159, 5290)",163,0.42136591466252427,0.44523129646542187,0.5218369479713187,0.20245398773006135,0.2085889570552147,0.5095783979974277,0.47298522652614317,2531.0,2492.0,runs/uxnet/run_DA_kfold_01/eval_local/test_augmented_metrics.json;runs/uxnet/run_DA_kfold_02/eval_local/test_augmented_metrics.json;runs/uxnet/run_DA_kfold_03/eval_local/test_augmented_metrics.json;runs/uxnet/run_DA_kfold_04/eval_local/test_augmented_metrics.json;runs/uxnet/run_DA_kfold_05/eval_local/test_augmented_metrics.json
UXNet,Augmented,artifact,3,"[5290, 36236)","[5290, 36236)",163,0.5387163579987688,0.611130228914216,0.38874181127836466,0.1165644171779141,0.37423312883435583,0.6529264514036445,0.5223956487009082,9569.0,12541.0,runs/uxnet/run_DA_kfold_01/eval_local/test_augmented_metrics.json;runs/uxnet/run_DA_kfold_02/eval_local/test_augmented_metrics.json;runs/uxnet/run_DA_kfold_03/eval_local/test_augmented_metrics.json;runs/uxnet/run_DA_kfold_04/eval_local/test_augmented_metrics.json;runs/uxnet/run_DA_kfold_05/eval_local/test_augmented_metrics.json
UXNet,Augmented,artifact,4,"[36236, 496656]","[36236, 496656]",164,0.7078740221999945,0.7794850062229097,0.18230321467431432,0.03048780487804878,0.6951219512195121,0.8183299281298199,0.6854450322462383,78159.5,84688.0,runs/uxnet/run_DA_kfold_01/eval_local/test_augmented_metrics.json;runs/uxnet/run_DA_kfold_02/eval_local/test_augmented_metrics.json;runs/uxnet/run_DA_kfold_03/eval_local/test_augmented_metrics.json;runs/uxnet/run_DA_kfold_04/eval_local/test_augmented_metrics.json;runs/uxnet/run_DA_kfold_05/eval_local/test_augmented_metrics.json
UXNet,Augmented,clean,1,"[13, 1159)","[13, 1159)",163,0.3432814205273198,0.29840737695020336,0.6801820107790735,0.4110429447852761,0.2085889570552147,0.5333916140382389,0.4197390074438324,350.0,509.0,runs/uxnet/run_DA_kfold_01/eval_local/test_clean_metrics.json;runs/uxnet/run_DA_kfold_02/eval_local/test_clean_metrics.json;runs/uxnet/run_DA_kfold_03/eval_local/test_clean_metrics.json;runs/uxnet/run_DA_kfold_04/eval_local/test_clean_metrics.json;runs/uxnet/run_DA_kfold_05/eval_local/test_clean_metrics.json
UXNet,Augmented,clean,2,"[1159, 5290)","[1159, 5290)",163,0.45337992927386384,0.4711111112179573,0.5047898181473949,0.1656441717791411,0.24539877300613497,0.5646077310048464,0.499207128453356,2304.0,2492.0,runs/uxnet/run_DA_kfold_01/eval_local/test_clean_metrics.json;runs/uxnet/run_DA_kfold_02/eval_local/test_clean_metrics.json;runs/uxnet/run_DA_kfold_03/eval_local/test_clean_metrics.json;runs/uxnet/run_DA_kfold_04/eval_local/test_clean_metrics.json;runs/uxnet/run_DA_kfold_05/eval_local/test_clean_metrics.json
UXNet,Augmented,clean,3,"[5290, 36236)","[5290, 36236)",163,0.5794932188705608,0.6546866772212555,0.3499433713973741,0.0736196319018405,0.4233128834355828,0.7012378930457188,0.5588408443978208,9773.0,12541.0,runs/uxnet/run_DA_kfold_01/eval_local/test_clean_metrics.json;runs/uxnet/run_DA_kfold_02/eval_local/test_clean_metrics.json;runs/uxnet/run_DA_kfold_03/eval_local/test_clean_metrics.json;runs/uxnet/run_DA_kfold_04/eval_local/test_clean_metrics.json;runs/uxnet/run_DA_kfold_05/eval_local/test_clean_metrics.json
UXNet,Augmented,clean,4,"[36236, 496656]","[36236, 496656]",164,0.7318186236947987,0.8033388779284125,0.16313909571872576,0.018292682926829267,0.7682926829268293,0.841968062553768,0.7066413608335043,79330.5,84688.0,runs/uxnet/run_DA_kfold_01/eval_local/test_clean_metrics.json;runs/uxnet/run_DA_kfold_02/eval_local/test_clean_metrics.json;runs/uxnet/run_DA_kfold_03/eval_local/test_clean_metrics.json;runs/uxnet/run_DA_kfold_04/eval_local/test_clean_metrics.json;runs/uxnet/run_DA_kfold_05/eval_local/test_clean_metrics.json
UXNet,Standard,artifact,1,"[13, 1159)","[13, 1159)",163,0.2814158631124416,0.15755832547817858,0.5830434844887808,0.48466257668711654,0.15337423312883436,0.3950841981136645,0.36487292877017447,539.0,509.0,runs/uxnet/run_kfold_01/eval_local/test_augmented_metrics.json;runs/uxnet/run_kfold_02/eval_local/test_augmented_metrics.json;runs/uxnet/run_kfold_03/eval_local/test_augmented_metrics.json;runs/uxnet/run_kfold_04/eval_local/test_augmented_metrics.json;runs/uxnet/run_kfold_05/eval_local/test_augmented_metrics.json
UXNet,Standard,artifact,2,"[1159, 5290)","[1159, 5290)",163,0.4160453364522202,0.44105173884067683,0.4600242164962651,0.20245398773006135,0.18404907975460122,0.5300229971639557,0.4681647154778831,2298.0,2492.0,runs/uxnet/run_kfold_01/eval_local/test_augmented_metrics.json;runs/uxnet/run_kfold_02/eval_local/test_augmented_metrics.json;runs/uxnet/run_kfold_03/eval_local/test_augmented_metrics.json;runs/uxnet/run_kfold_04/eval_local/test_augmented_metrics.json;runs/uxnet/run_kfold_05/eval_local/test_augmented_metrics.json
UXNet,Standard,artifact,3,"[5290, 36236)","[5290, 36236)",163,0.5227652087344233,0.5559451153625948,0.38625389635811924,0.09202453987730061,0.3374233128834356,0.662415476967272,0.49550581028363305,7869.0,12541.0,runs/uxnet/run_kfold_01/eval_local/test_augmented_metrics.json;runs/uxnet/run_kfold_02/eval_local/test_augmented_metrics.json;runs/uxnet/run_kfold_03/eval_local/test_augmented_metrics.json;runs/uxnet/run_kfold_04/eval_local/test_augmented_metrics.json;runs/uxnet/run_kfold_05/eval_local/test_augmented_metrics.json
UXNet,Standard,artifact,4,"[36236, 496656]","[36236, 496656]",164,0.695810592253643,0.7740029015692385,0.2683367406581617,0.036585365853658534,0.6463414634146342,0.8299917861654151,0.6560676762498009,72628.0,84688.0,runs/uxnet/run_kfold_01/eval_local/test_augmented_metrics.json;runs/uxnet/run_kfold_02/eval_local/test_augmented_metrics.json;runs/uxnet/run_kfold_03/eval_local/test_augmented_metrics.json;runs/uxnet/run_kfold_04/eval_local/test_augmented_metrics.json;runs/uxnet/run_kfold_05/eval_local/test_augmented_metrics.json
UXNet,Standard,clean,1,"[13, 1159)","[13, 1159)",163,0.34136835934553256,0.279260781027453,0.6557734172029221,0.39263803680981596,0.19631901840490798,0.5158283985806317,0.4144164620675876,385.0,509.0,runs/uxnet/run_kfold_01/eval_local/test_clean_metrics.json;runs/uxnet/run_kfold_02/eval_local/test_clean_metrics.json;runs/uxnet/run_kfold_03/eval_local/test_clean_metrics.json;runs/uxnet/run_kfold_04/eval_local/test_clean_metrics.json;runs/uxnet/run_kfold_05/eval_local/test_clean_metrics.json
UXNet,Standard,clean,2,"[1159, 5290)","[1159, 5290)",163,0.46479782988155216,0.4946043167740089,0.4493330800504773,0.1411042944785276,0.25766871165644173,0.5897891784604161,0.50484642630129,2163.0,2492.0,runs/uxnet/run_kfold_01/eval_local/test_clean_metrics.json;runs/uxnet/run_kfold_02/eval_local/test_clean_metrics.json;runs/uxnet/run_kfold_03/eval_local/test_clean_metrics.json;runs/uxnet/run_kfold_04/eval_local/test_clean_metrics.json;runs/uxnet/run_kfold_05/eval_local/test_clean_metrics.json
UXNet,Standard,clean,3,"[5290, 36236)","[5290, 36236)",163,0.5778739176121083,0.648806487367433,0.38473685049851214,0.06748466257668712,0.4294478527607362,0.7151239201234173,0.542735566880263,8416.0,12541.0,runs/uxnet/run_kfold_01/eval_local/test_clean_metrics.json;runs/uxnet/run_kfold_02/eval_local/test_clean_metrics.json;runs/uxnet/run_kfold_03/eval_local/test_clean_metrics.json;runs/uxnet/run_kfold_04/eval_local/test_clean_metrics.json;runs/uxnet/run_kfold_05/eval_local/test_clean_metrics.json
UXNet,Standard,clean,4,"[36236, 496656]","[36236, 496656]",164,0.7257818820873848,0.7964582000436565,0.19391375611157102,0.024390243902439025,0.7378048780487805,0.85922742535587,0.6803166270785319,73336.0,84688.0,runs/uxnet/run_kfold_01/eval_local/test_clean_metrics.json;runs/uxnet/run_kfold_02/eval_local/test_clean_metrics.json;runs/uxnet/run_kfold_03/eval_local/test_clean_metrics.json;runs/uxnet/run_kfold_04/eval_local/test_clean_metrics.json;runs/uxnet/run_kfold_05/eval_local/test_clean_metrics.json
