architecture,training_condition,lesion_size_bin,lesion_size_bin_label,lesion_voxel_range,n,clean_mean_dice,artifact_mean_dice,mean_dice_drop_clean_minus_artifact,median_dice_drop_clean_minus_artifact,bootstrap_ci95_low,bootstrap_ci95_high,wilcoxon_p,effect_size_paired_cohens_dz,clean_failure_rate_dice_lt_0_1,artifact_failure_rate_dice_lt_0_1,failure_rate_increase_artifact_minus_clean,clean_strong_rate_dice_ge_0_7,artifact_strong_rate_dice_ge_0_7,strong_rate_change_artifact_minus_clean,holm_family,source_metric_files,wilcoxon_p_holm
Base CNN,Augmented,1,"[13, 1159)","[13, 1159)",163,0.3069118527306092,0.2943782037703109,0.012533648960298332,2.6918624908305915e-12,0.0021925181637850355,0.023412844844618967,0.004957552981309823,0.1798624597140873,0.4233128834355828,0.4294478527607362,0.006134969325153394,0.15337423312883436,0.12883435582822086,-0.024539877300613494,atlas_lesion_size_clean_artifact_drops,runs/base_cnn/run_DA_kfold_01/eval_local/test_augmented_metrics.json;runs/base_cnn/run_DA_kfold_01/eval_local/test_clean_metrics.json;runs/base_cnn/run_DA_kfold_02/eval_local/test_augmented_metrics.json;runs/base_cnn/run_DA_kfold_02/eval_local/test_clean_metrics.json;runs/base_cnn/run_DA_kfold_03/eval_local/test_augmented_metrics.json;runs/base_cnn/run_DA_kfold_03/eval_local/test_clean_metrics.json;runs/base_cnn/run_DA_kfold_04/eval_local/test_augmented_metrics.json;runs/base_cnn/run_DA_kfold_04/eval_local/test_clean_metrics.json;runs/base_cnn/run_DA_kfold_05/eval_local/test_augmented_metrics.json;runs/base_cnn/run_DA_kfold_05/eval_local/test_clean_metrics.json,0.009915105962619646
Base CNN,Augmented,2,"[1159, 5290)","[1159, 5290)",163,0.4499768717628552,0.4113434879166157,0.03863338384623965,0.0004924895345368441,0.022058751733072025,0.05729960464211527,5.924324946106435e-05,0.3340732586608595,0.15950920245398773,0.20245398773006135,0.04294478527607362,0.2085889570552147,0.1901840490797546,-0.0184049079754601,atlas_lesion_size_clean_artifact_drops,runs/base_cnn/run_DA_kfold_01/eval_local/test_augmented_metrics.json;runs/base_cnn/run_DA_kfold_01/eval_local/test_clean_metrics.json;runs/base_cnn/run_DA_kfold_02/eval_local/test_augmented_metrics.json;runs/base_cnn/run_DA_kfold_02/eval_local/test_clean_metrics.json;runs/base_cnn/run_DA_kfold_03/eval_local/test_augmented_metrics.json;runs/base_cnn/run_DA_kfold_03/eval_local/test_clean_metrics.json;runs/base_cnn/run_DA_kfold_04/eval_local/test_augmented_metrics.json;runs/base_cnn/run_DA_kfold_04/eval_local/test_clean_metrics.json;runs/base_cnn/run_DA_kfold_05/eval_local/test_augmented_metrics.json;runs/base_cnn/run_DA_kfold_05/eval_local/test_clean_metrics.json,0.0003554594967663861
Base CNN,Augmented,3,"[5290, 36236)","[5290, 36236)",163,0.5784828932061525,0.5353206397361577,0.04316225346999488,0.0022348124019340165,0.028040143248376885,0.060521066698016476,2.2185177773115965e-10,0.41014822268383355,0.06748466257668712,0.08588957055214724,0.018404907975460127,0.4110429447852761,0.36809815950920244,-0.04294478527607365,atlas_lesion_size_clean_artifact_drops,runs/base_cnn/run_DA_kfold_01/eval_local/test_augmented_metrics.json;runs/base_cnn/run_DA_kfold_01/eval_local/test_clean_metrics.json;runs/base_cnn/run_DA_kfold_02/eval_local/test_augmented_metrics.json;runs/base_cnn/run_DA_kfold_02/eval_local/test_clean_metrics.json;runs/base_cnn/run_DA_kfold_03/eval_local/test_augmented_metrics.json;runs/base_cnn/run_DA_kfold_03/eval_local/test_clean_metrics.json;runs/base_cnn/run_DA_kfold_04/eval_local/test_augmented_metrics.json;runs/base_cnn/run_DA_kfold_04/eval_local/test_clean_metrics.json;runs/base_cnn/run_DA_kfold_05/eval_local/test_augmented_metrics.json;runs/base_cnn/run_DA_kfold_05/eval_local/test_clean_metrics.json,3.5496284436985544e-09
Base CNN,Augmented,4,"[36236, 496656]","[36236, 496656]",164,0.7372235948793457,0.70496459712318,0.032258997756165655,0.006653784730523249,0.02330411854897622,0.04216776812121835,4.384059145364471e-18,0.5169249654187236,0.012195121951219513,0.018292682926829267,0.006097560975609755,0.7621951219512195,0.7012195121951219,-0.060975609756097615,atlas_lesion_size_clean_artifact_drops,runs/base_cnn/run_DA_kfold_01/eval_local/test_augmented_metrics.json;runs/base_cnn/run_DA_kfold_01/eval_local/test_clean_metrics.json;runs/base_cnn/run_DA_kfold_02/eval_local/test_augmented_metrics.json;runs/base_cnn/run_DA_kfold_02/eval_local/test_clean_metrics.json;runs/base_cnn/run_DA_kfold_03/eval_local/test_augmented_metrics.json;runs/base_cnn/run_DA_kfold_03/eval_local/test_clean_metrics.json;runs/base_cnn/run_DA_kfold_04/eval_local/test_augmented_metrics.json;runs/base_cnn/run_DA_kfold_04/eval_local/test_clean_metrics.json;runs/base_cnn/run_DA_kfold_05/eval_local/test_augmented_metrics.json;runs/base_cnn/run_DA_kfold_05/eval_local/test_clean_metrics.json,1.3152177436093413e-16
Base CNN,Standard,1,"[13, 1159)","[13, 1159)",163,0.30166420301035207,0.25340114577367,0.048263057236682054,1.3726584675483501e-11,0.028344563149524094,0.07031294929729365,0.001343436019769776,0.3480728938858732,0.43558282208588955,0.5153374233128835,0.0797546012269939,0.13496932515337423,0.08588957055214724,-0.04907975460122699,atlas_lesion_size_clean_artifact_drops,runs/base_cnn/run_kfold_01/eval_local/test_augmented_metrics.json;runs/base_cnn/run_kfold_01/eval_local/test_clean_metrics.json;runs/base_cnn/run_kfold_02/eval_local/test_augmented_metrics.json;runs/base_cnn/run_kfold_02/eval_local/test_clean_metrics.json;runs/base_cnn/run_kfold_03/eval_local/test_augmented_metrics.json;runs/base_cnn/run_kfold_03/eval_local/test_clean_metrics.json;runs/base_cnn/run_kfold_04/eval_local/test_augmented_metrics.json;runs/base_cnn/run_kfold_04/eval_local/test_clean_metrics.json;runs/base_cnn/run_kfold_05/eval_local/test_augmented_metrics.json;runs/base_cnn/run_kfold_05/eval_local/test_clean_metrics.json,0.004030308059309328
Base CNN,Standard,2,"[1159, 5290)","[1159, 5290)",163,0.4371607960949842,0.39226000792492954,0.04490078817005459,0.0013070315382941455,0.027797686832396144,0.0640186545418331,1.6318489910102475e-05,0.3812249122710239,0.17791411042944785,0.22699386503067484,0.04907975460122699,0.25153374233128833,0.1901840490797546,-0.06134969325153372,atlas_lesion_size_clean_artifact_drops,runs/base_cnn/run_kfold_01/eval_local/test_augmented_metrics.json;runs/base_cnn/run_kfold_01/eval_local/test_clean_metrics.json;runs/base_cnn/run_kfold_02/eval_local/test_augmented_metrics.json;runs/base_cnn/run_kfold_02/eval_local/test_clean_metrics.json;runs/base_cnn/run_kfold_03/eval_local/test_augmented_metrics.json;runs/base_cnn/run_kfold_03/eval_local/test_clean_metrics.json;runs/base_cnn/run_kfold_04/eval_local/test_augmented_metrics.json;runs/base_cnn/run_kfold_04/eval_local/test_clean_metrics.json;runs/base_cnn/run_kfold_05/eval_local/test_augmented_metrics.json;runs/base_cnn/run_kfold_05/eval_local/test_clean_metrics.json,0.0001305479192808198
Base CNN,Standard,3,"[5290, 36236)","[5290, 36236)",163,0.5921061027182267,0.5257638410808008,0.06634226163742589,0.008402034841399342,0.04774900904183886,0.08669234200912337,1.3870070324925693e-13,0.5154431235790646,0.05521472392638037,0.11042944785276074,0.05521472392638037,0.4110429447852761,0.3374233128834356,-0.07361963190184051,atlas_lesion_size_clean_artifact_drops,runs/base_cnn/run_kfold_01/eval_local/test_augmented_metrics.json;runs/base_cnn/run_kfold_01/eval_local/test_clean_metrics.json;runs/base_cnn/run_kfold_02/eval_local/test_augmented_metrics.json;runs/base_cnn/run_kfold_02/eval_local/test_clean_metrics.json;runs/base_cnn/run_kfold_03/eval_local/test_augmented_metrics.json;runs/base_cnn/run_kfold_03/eval_local/test_clean_metrics.json;runs/base_cnn/run_kfold_04/eval_local/test_augmented_metrics.json;runs/base_cnn/run_kfold_04/eval_local/test_clean_metrics.json;runs/base_cnn/run_kfold_05/eval_local/test_augmented_metrics.json;runs/base_cnn/run_kfold_05/eval_local/test_clean_metrics.json,3.1901161747329095e-12
Base CNN,Standard,4,"[36236, 496656]","[36236, 496656]",164,0.7424143531609279,0.7050078880470677,0.03740646511386018,0.009856820850448034,0.027007004999874126,0.04907966954114124,1.4720852530265409e-19,0.515973626684803,0.006097560975609756,0.012195121951219513,0.006097560975609756,0.7560975609756098,0.7134146341463414,-0.04268292682926833,atlas_lesion_size_clean_artifact_drops,runs/base_cnn/run_kfold_01/eval_local/test_augmented_metrics.json;runs/base_cnn/run_kfold_01/eval_local/test_clean_metrics.json;runs/base_cnn/run_kfold_02/eval_local/test_augmented_metrics.json;runs/base_cnn/run_kfold_02/eval_local/test_clean_metrics.json;runs/base_cnn/run_kfold_03/eval_local/test_augmented_metrics.json;runs/base_cnn/run_kfold_03/eval_local/test_clean_metrics.json;runs/base_cnn/run_kfold_04/eval_local/test_augmented_metrics.json;runs/base_cnn/run_kfold_04/eval_local/test_clean_metrics.json;runs/base_cnn/run_kfold_05/eval_local/test_augmented_metrics.json;runs/base_cnn/run_kfold_05/eval_local/test_clean_metrics.json,4.710672809684931e-18
MedNeXt,Augmented,1,"[13, 1159)","[13, 1159)",163,0.3393351995708992,0.3126739779208184,0.026661221650080835,0.0,0.009302396431281683,0.04608476147016105,0.16035886882684047,0.22262961698148964,0.4171779141104294,0.4233128834355828,0.006134969325153394,0.17791411042944785,0.147239263803681,-0.03067484662576686,atlas_lesion_size_clean_artifact_drops,runs/mednext/run_DA_kfold_01/eval_local/test_augmented_metrics.json;runs/mednext/run_DA_kfold_01/eval_local/test_clean_metrics.json;runs/mednext/run_DA_kfold_02/eval_local/test_augmented_metrics.json;runs/mednext/run_DA_kfold_02/eval_local/test_clean_metrics.json;runs/mednext/run_DA_kfold_03/eval_local/test_augmented_metrics.json;runs/mednext/run_DA_kfold_03/eval_local/test_clean_metrics.json;runs/mednext/run_DA_kfold_04/eval_local/test_augmented_metrics.json;runs/mednext/run_DA_kfold_04/eval_local/test_clean_metrics.json;runs/mednext/run_DA_kfold_05/eval_local/test_augmented_metrics.json;runs/mednext/run_DA_kfold_05/eval_local/test_clean_metrics.json,0.16035886882684047
MedNeXt,Augmented,2,"[1159, 5290)","[1159, 5290)",163,0.46766173535343464,0.4374045657198892,0.030257169633545397,0.0019720531882151393,0.016645686372787096,0.04565735823851107,1.2455147277019765e-05,0.3179836648286326,0.12883435582822086,0.17177914110429449,0.04294478527607362,0.24539877300613497,0.2331288343558282,-0.012269938650306761,atlas_lesion_size_clean_artifact_drops,runs/mednext/run_DA_kfold_01/eval_local/test_augmented_metrics.json;runs/mednext/run_DA_kfold_01/eval_local/test_clean_metrics.json;runs/mednext/run_DA_kfold_02/eval_local/test_augmented_metrics.json;runs/mednext/run_DA_kfold_02/eval_local/test_clean_metrics.json;runs/mednext/run_DA_kfold_03/eval_local/test_augmented_metrics.json;runs/mednext/run_DA_kfold_03/eval_local/test_clean_metrics.json;runs/mednext/run_DA_kfold_04/eval_local/test_augmented_metrics.json;runs/mednext/run_DA_kfold_04/eval_local/test_clean_metrics.json;runs/mednext/run_DA_kfold_05/eval_local/test_augmented_metrics.json;runs/mednext/run_DA_kfold_05/eval_local/test_clean_metrics.json,0.00011209632549317788
MedNeXt,Augmented,3,"[5290, 36236)","[5290, 36236)",163,0.5955075690046959,0.5696024518184892,0.02590511718620662,0.003252894449616184,0.013345659616057336,0.038899317018671116,9.362375321399095e-12,0.31414554425912894,0.06748466257668712,0.08588957055214724,0.018404907975460127,0.48466257668711654,0.4171779141104294,-0.06748466257668712,atlas_lesion_size_clean_artifact_drops,runs/mednext/run_DA_kfold_01/eval_local/test_augmented_metrics.json;runs/mednext/run_DA_kfold_01/eval_local/test_clean_metrics.json;runs/mednext/run_DA_kfold_02/eval_local/test_augmented_metrics.json;runs/mednext/run_DA_kfold_02/eval_local/test_clean_metrics.json;runs/mednext/run_DA_kfold_03/eval_local/test_augmented_metrics.json;runs/mednext/run_DA_kfold_03/eval_local/test_clean_metrics.json;runs/mednext/run_DA_kfold_04/eval_local/test_augmented_metrics.json;runs/mednext/run_DA_kfold_04/eval_local/test_clean_metrics.json;runs/mednext/run_DA_kfold_05/eval_local/test_augmented_metrics.json;runs/mednext/run_DA_kfold_05/eval_local/test_clean_metrics.json,1.872475064279819e-10
MedNeXt,Augmented,4,"[36236, 496656]","[36236, 496656]",164,0.768571840893444,0.735711454343432,0.03286038655001188,0.0036549420361898233,0.02035388312841328,0.047306165436543,2.1919579218812422e-16,0.36937629450473586,0.012195121951219513,0.024390243902439025,0.012195121951219513,0.8048780487804879,0.75,-0.054878048780487854,atlas_lesion_size_clean_artifact_drops,runs/mednext/run_DA_kfold_01/eval_local/test_augmented_metrics.json;runs/mednext/run_DA_kfold_01/eval_local/test_clean_metrics.json;runs/mednext/run_DA_kfold_02/eval_local/test_augmented_metrics.json;runs/mednext/run_DA_kfold_02/eval_local/test_clean_metrics.json;runs/mednext/run_DA_kfold_03/eval_local/test_augmented_metrics.json;runs/mednext/run_DA_kfold_03/eval_local/test_clean_metrics.json;runs/mednext/run_DA_kfold_04/eval_local/test_augmented_metrics.json;runs/mednext/run_DA_kfold_04/eval_local/test_clean_metrics.json;runs/mednext/run_DA_kfold_05/eval_local/test_augmented_metrics.json;runs/mednext/run_DA_kfold_05/eval_local/test_clean_metrics.json,5.9182863890793536e-15
MedNeXt,Standard,1,"[13, 1159)","[13, 1159)",163,0.32096951562315745,0.2776173967735286,0.043352118849628835,7.03564721140428e-11,0.024662131142414688,0.0637357242164598,0.00040474990279444986,0.33408772378131457,0.4539877300613497,0.49693251533742333,0.04294478527607365,0.2085889570552147,0.1656441717791411,-0.04294478527607362,atlas_lesion_size_clean_artifact_drops,runs/mednext/run_kfold_01/eval_local/test_augmented_metrics.json;runs/mednext/run_kfold_01/eval_local/test_clean_metrics.json;runs/mednext/run_kfold_02/eval_local/test_augmented_metrics.json;runs/mednext/run_kfold_02/eval_local/test_clean_metrics.json;runs/mednext/run_kfold_03/eval_local/test_augmented_metrics.json;runs/mednext/run_kfold_03/eval_local/test_clean_metrics.json;runs/mednext/run_kfold_04/eval_local/test_augmented_metrics.json;runs/mednext/run_kfold_04/eval_local/test_clean_metrics.json;runs/mednext/run_kfold_05/eval_local/test_augmented_metrics.json;runs/mednext/run_kfold_05/eval_local/test_clean_metrics.json,0.0020237495139722493
MedNeXt,Standard,2,"[1159, 5290)","[1159, 5290)",163,0.46926432880531294,0.42274528466596095,0.0465190441393521,0.0016741266898245843,0.02822536957694726,0.06623644815713621,9.906764255518982e-06,0.37442361279854675,0.13496932515337423,0.17791411042944785,0.04294478527607362,0.24539877300613497,0.19631901840490798,-0.04907975460122699,atlas_lesion_size_clean_artifact_drops,runs/mednext/run_kfold_01/eval_local/test_augmented_metrics.json;runs/mednext/run_kfold_01/eval_local/test_clean_metrics.json;runs/mednext/run_kfold_02/eval_local/test_augmented_metrics.json;runs/mednext/run_kfold_02/eval_local/test_clean_metrics.json;runs/mednext/run_kfold_03/eval_local/test_augmented_metrics.json;runs/mednext/run_kfold_03/eval_local/test_clean_metrics.json;runs/mednext/run_kfold_04/eval_local/test_augmented_metrics.json;runs/mednext/run_kfold_04/eval_local/test_clean_metrics.json;runs/mednext/run_kfold_05/eval_local/test_augmented_metrics.json;runs/mednext/run_kfold_05/eval_local/test_clean_metrics.json,9.906764255518982e-05
MedNeXt,Standard,3,"[5290, 36236)","[5290, 36236)",163,0.5825598225638061,0.5352693557524275,0.04729046681137851,0.005584390073312351,0.03242337390613456,0.0634123660974563,1.785467937421532e-14,0.4706965196224606,0.06134969325153374,0.10429447852760736,0.042944785276073615,0.4662576687116564,0.3496932515337423,-0.1165644171779141,atlas_lesion_size_clean_artifact_drops,runs/mednext/run_kfold_01/eval_local/test_augmented_metrics.json;runs/mednext/run_kfold_01/eval_local/test_clean_metrics.json;runs/mednext/run_kfold_02/eval_local/test_augmented_metrics.json;runs/mednext/run_kfold_02/eval_local/test_clean_metrics.json;runs/mednext/run_kfold_03/eval_local/test_augmented_metrics.json;runs/mednext/run_kfold_03/eval_local/test_clean_metrics.json;runs/mednext/run_kfold_04/eval_local/test_augmented_metrics.json;runs/mednext/run_kfold_04/eval_local/test_clean_metrics.json;runs/mednext/run_kfold_05/eval_local/test_augmented_metrics.json;runs/mednext/run_kfold_05/eval_local/test_clean_metrics.json,4.285123049811676e-13
MedNeXt,Standard,4,"[36236, 496656]","[36236, 496656]",164,0.768641519040418,0.731798673688161,0.03684284535225709,0.010132526795432584,0.027066143519015106,0.04790594565219449,7.348560255199562e-19,0.5305017310295933,0.006097560975609756,0.012195121951219513,0.006097560975609756,0.7987804878048781,0.7134146341463414,-0.08536585365853666,atlas_lesion_size_clean_artifact_drops,runs/mednext/run_kfold_01/eval_local/test_augmented_metrics.json;runs/mednext/run_kfold_01/eval_local/test_clean_metrics.json;runs/mednext/run_kfold_02/eval_local/test_augmented_metrics.json;runs/mednext/run_kfold_02/eval_local/test_clean_metrics.json;runs/mednext/run_kfold_03/eval_local/test_augmented_metrics.json;runs/mednext/run_kfold_03/eval_local/test_clean_metrics.json;runs/mednext/run_kfold_04/eval_local/test_augmented_metrics.json;runs/mednext/run_kfold_04/eval_local/test_clean_metrics.json;runs/mednext/run_kfold_05/eval_local/test_augmented_metrics.json;runs/mednext/run_kfold_05/eval_local/test_clean_metrics.json,2.278053679111864e-17
Swin UNETR,Augmented,1,"[13, 1159)","[13, 1159)",163,0.32926937375776083,0.2941276039726949,0.0351417697850659,4.241945087358488e-10,0.015885978109539935,0.054680605632534074,1.808359480969327e-05,0.27685569167227897,0.4171779141104294,0.4723926380368098,0.05521472392638038,0.17177914110429449,0.12883435582822086,-0.04294478527607362,atlas_lesion_size_clean_artifact_drops,runs/swin/run_DA_kfold_01/eval_local/test_augmented_metrics.json;runs/swin/run_DA_kfold_01/eval_local/test_clean_metrics.json;runs/swin/run_DA_kfold_02/eval_local/test_augmented_metrics.json;runs/swin/run_DA_kfold_02/eval_local/test_clean_metrics.json;runs/swin/run_DA_kfold_03/eval_local/test_augmented_metrics.json;runs/swin/run_DA_kfold_03/eval_local/test_clean_metrics.json;runs/swin/run_DA_kfold_04/eval_local/test_augmented_metrics.json;runs/swin/run_DA_kfold_04/eval_local/test_clean_metrics.json;runs/swin/run_DA_kfold_05/eval_local/test_augmented_metrics.json;runs/swin/run_DA_kfold_05/eval_local/test_clean_metrics.json,0.0001305479192808198
Swin UNETR,Augmented,2,"[1159, 5290)","[1159, 5290)",163,0.46864348849515325,0.4388004437744008,0.02984304472075254,0.0033336313418693697,0.0182084981521667,0.042937173159617474,3.0079991332795767e-06,0.3660345291084521,0.1411042944785276,0.17177914110429449,0.03067484662576689,0.26993865030674846,0.2392638036809816,-0.03067484662576686,atlas_lesion_size_clean_artifact_drops,runs/swin/run_DA_kfold_01/eval_local/test_augmented_metrics.json;runs/swin/run_DA_kfold_01/eval_local/test_clean_metrics.json;runs/swin/run_DA_kfold_02/eval_local/test_augmented_metrics.json;runs/swin/run_DA_kfold_02/eval_local/test_clean_metrics.json;runs/swin/run_DA_kfold_03/eval_local/test_augmented_metrics.json;runs/swin/run_DA_kfold_03/eval_local/test_clean_metrics.json;runs/swin/run_DA_kfold_04/eval_local/test_augmented_metrics.json;runs/swin/run_DA_kfold_04/eval_local/test_clean_metrics.json;runs/swin/run_DA_kfold_05/eval_local/test_augmented_metrics.json;runs/swin/run_DA_kfold_05/eval_local/test_clean_metrics.json,3.3087990466075344e-05
Swin UNETR,Augmented,3,"[5290, 36236)","[5290, 36236)",163,0.5987771481122514,0.5599689901642282,0.038808157948023135,0.006340397641801932,0.026688968809771264,0.05270539846134581,8.537411569569987e-12,0.45918627472571444,0.049079754601226995,0.0736196319018405,0.0245398773006135,0.4539877300613497,0.37423312883435583,-0.07975460122699385,atlas_lesion_size_clean_artifact_drops,runs/swin/run_DA_kfold_01/eval_local/test_augmented_metrics.json;runs/swin/run_DA_kfold_01/eval_local/test_clean_metrics.json;runs/swin/run_DA_kfold_02/eval_local/test_augmented_metrics.json;runs/swin/run_DA_kfold_02/eval_local/test_clean_metrics.json;runs/swin/run_DA_kfold_03/eval_local/test_augmented_metrics.json;runs/swin/run_DA_kfold_03/eval_local/test_clean_metrics.json;runs/swin/run_DA_kfold_04/eval_local/test_augmented_metrics.json;runs/swin/run_DA_kfold_04/eval_local/test_clean_metrics.json;runs/swin/run_DA_kfold_05/eval_local/test_augmented_metrics.json;runs/swin/run_DA_kfold_05/eval_local/test_clean_metrics.json,1.7928564296096972e-10
Swin UNETR,Augmented,4,"[36236, 496656]","[36236, 496656]",164,0.7567929912322845,0.7345471385226584,0.022245852709626205,0.004646681648823925,0.014326757932474291,0.031239821304599125,7.800532934075289e-17,0.40103342118883684,0.018292682926829267,0.024390243902439025,0.006097560975609758,0.7987804878048781,0.75,-0.04878048780487809,atlas_lesion_size_clean_artifact_drops,runs/swin/run_DA_kfold_01/eval_local/test_augmented_metrics.json;runs/swin/run_DA_kfold_01/eval_local/test_clean_metrics.json;runs/swin/run_DA_kfold_02/eval_local/test_augmented_metrics.json;runs/swin/run_DA_kfold_02/eval_local/test_clean_metrics.json;runs/swin/run_DA_kfold_03/eval_local/test_augmented_metrics.json;runs/swin/run_DA_kfold_03/eval_local/test_clean_metrics.json;runs/swin/run_DA_kfold_04/eval_local/test_augmented_metrics.json;runs/swin/run_DA_kfold_04/eval_local/test_clean_metrics.json;runs/swin/run_DA_kfold_05/eval_local/test_augmented_metrics.json;runs/swin/run_DA_kfold_05/eval_local/test_clean_metrics.json,2.1841492215410807e-15
Swin UNETR,Standard,1,"[13, 1159)","[13, 1159)",163,0.32897497825412586,0.25874383490109754,0.07023114335302834,0.002592407092121496,0.04893999165578505,0.09333864937283992,6.597382110444963e-11,0.4845301287020311,0.38650306748466257,0.50920245398773,0.12269938650306744,0.147239263803681,0.08588957055214724,-0.06134969325153375,atlas_lesion_size_clean_artifact_drops,runs/swin/run_kfold_01/eval_local/test_augmented_metrics.json;runs/swin/run_kfold_01/eval_local/test_clean_metrics.json;runs/swin/run_kfold_02/eval_local/test_augmented_metrics.json;runs/swin/run_kfold_02/eval_local/test_clean_metrics.json;runs/swin/run_kfold_03/eval_local/test_augmented_metrics.json;runs/swin/run_kfold_03/eval_local/test_clean_metrics.json;runs/swin/run_kfold_04/eval_local/test_augmented_metrics.json;runs/swin/run_kfold_04/eval_local/test_clean_metrics.json;runs/swin/run_kfold_05/eval_local/test_augmented_metrics.json;runs/swin/run_kfold_05/eval_local/test_clean_metrics.json,1.1215549587756437e-09
Swin UNETR,Standard,2,"[1159, 5290)","[1159, 5290)",163,0.4581053049057179,0.4194397255196264,0.03866557938609141,0.0027285131104809123,0.02473422624938232,0.05380286318833522,1.7701452922688783e-06,0.4008720753950097,0.15337423312883436,0.1901840490797546,0.036809815950920255,0.2392638036809816,0.17177914110429449,-0.06748466257668712,atlas_lesion_size_clean_artifact_drops,runs/swin/run_kfold_01/eval_local/test_augmented_metrics.json;runs/swin/run_kfold_01/eval_local/test_clean_metrics.json;runs/swin/run_kfold_02/eval_local/test_augmented_metrics.json;runs/swin/run_kfold_02/eval_local/test_clean_metrics.json;runs/swin/run_kfold_03/eval_local/test_augmented_metrics.json;runs/swin/run_kfold_03/eval_local/test_clean_metrics.json;runs/swin/run_kfold_04/eval_local/test_augmented_metrics.json;runs/swin/run_kfold_04/eval_local/test_clean_metrics.json;runs/swin/run_kfold_05/eval_local/test_augmented_metrics.json;runs/swin/run_kfold_05/eval_local/test_clean_metrics.json,2.124174350722654e-05
Swin UNETR,Standard,3,"[5290, 36236)","[5290, 36236)",163,0.5684349870641943,0.5208755930745204,0.04755939398967385,0.006778604526368248,0.03301120724216817,0.06390750539482246,2.9753718559099585e-11,0.4704211328987478,0.0736196319018405,0.07975460122699386,0.006134969325153367,0.34355828220858897,0.2822085889570552,-0.06134969325153378,atlas_lesion_size_clean_artifact_drops,runs/swin/run_kfold_01/eval_local/test_augmented_metrics.json;runs/swin/run_kfold_01/eval_local/test_clean_metrics.json;runs/swin/run_kfold_02/eval_local/test_augmented_metrics.json;runs/swin/run_kfold_02/eval_local/test_clean_metrics.json;runs/swin/run_kfold_03/eval_local/test_augmented_metrics.json;runs/swin/run_kfold_03/eval_local/test_clean_metrics.json;runs/swin/run_kfold_04/eval_local/test_augmented_metrics.json;runs/swin/run_kfold_04/eval_local/test_clean_metrics.json;runs/swin/run_kfold_05/eval_local/test_augmented_metrics.json;runs/swin/run_kfold_05/eval_local/test_clean_metrics.json,5.653206526228921e-10
Swin UNETR,Standard,4,"[36236, 496656]","[36236, 496656]",164,0.7397234395182952,0.7028936239959045,0.036829815522390716,0.00984264555696851,0.026839017322705466,0.048231040379215766,3.019446603416405e-15,0.5272758644108674,0.012195121951219513,0.024390243902439025,0.012195121951219513,0.7439024390243902,0.676829268292683,-0.06707317073170727,atlas_lesion_size_clean_artifact_drops,runs/swin/run_kfold_01/eval_local/test_augmented_metrics.json;runs/swin/run_kfold_01/eval_local/test_clean_metrics.json;runs/swin/run_kfold_02/eval_local/test_augmented_metrics.json;runs/swin/run_kfold_02/eval_local/test_clean_metrics.json;runs/swin/run_kfold_03/eval_local/test_augmented_metrics.json;runs/swin/run_kfold_03/eval_local/test_clean_metrics.json;runs/swin/run_kfold_04/eval_local/test_augmented_metrics.json;runs/swin/run_kfold_04/eval_local/test_clean_metrics.json;runs/swin/run_kfold_05/eval_local/test_augmented_metrics.json;runs/swin/run_kfold_05/eval_local/test_clean_metrics.json,7.850561168882654e-14
UXNet,Augmented,1,"[13, 1159)","[13, 1159)",163,0.3432814205273198,0.3115575119632766,0.031723908564043224,0.0,0.017653734165240225,0.04779659577722648,0.0008986635843862643,0.32716567118882706,0.4110429447852761,0.4294478527607362,0.018404907975460127,0.2085889570552147,0.15950920245398773,-0.04907975460122699,atlas_lesion_size_clean_artifact_drops,runs/uxnet/run_DA_kfold_01/eval_local/test_augmented_metrics.json;runs/uxnet/run_DA_kfold_01/eval_local/test_clean_metrics.json;runs/uxnet/run_DA_kfold_02/eval_local/test_augmented_metrics.json;runs/uxnet/run_DA_kfold_02/eval_local/test_clean_metrics.json;runs/uxnet/run_DA_kfold_03/eval_local/test_augmented_metrics.json;runs/uxnet/run_DA_kfold_03/eval_local/test_clean_metrics.json;runs/uxnet/run_DA_kfold_04/eval_local/test_augmented_metrics.json;runs/uxnet/run_DA_kfold_04/eval_local/test_clean_metrics.json;runs/uxnet/run_DA_kfold_05/eval_local/test_augmented_metrics.json;runs/uxnet/run_DA_kfold_05/eval_local/test_clean_metrics.json,0.003594654337545057
UXNet,Augmented,2,"[1159, 5290)","[1159, 5290)",163,0.45337992927386384,0.4213659146625244,0.03201401461133956,0.00287473359938073,0.017514962244087266,0.04791611460344285,2.498991388349862e-08,0.32136100435071474,0.1656441717791411,0.20245398773006135,0.036809815950920255,0.24539877300613497,0.2085889570552147,-0.036809815950920255,atlas_lesion_size_clean_artifact_drops,runs/uxnet/run_DA_kfold_01/eval_local/test_augmented_metrics.json;runs/uxnet/run_DA_kfold_01/eval_local/test_clean_metrics.json;runs/uxnet/run_DA_kfold_02/eval_local/test_augmented_metrics.json;runs/uxnet/run_DA_kfold_02/eval_local/test_clean_metrics.json;runs/uxnet/run_DA_kfold_03/eval_local/test_augmented_metrics.json;runs/uxnet/run_DA_kfold_03/eval_local/test_clean_metrics.json;runs/uxnet/run_DA_kfold_04/eval_local/test_augmented_metrics.json;runs/uxnet/run_DA_kfold_04/eval_local/test_clean_metrics.json;runs/uxnet/run_DA_kfold_05/eval_local/test_augmented_metrics.json;runs/uxnet/run_DA_kfold_05/eval_local/test_clean_metrics.json,3.4985879436898063e-07
UXNet,Augmented,3,"[5290, 36236)","[5290, 36236)",163,0.5794932188705608,0.5387163579987688,0.04077686087179192,0.0032779299235674575,0.02702752068961576,0.05649047867459156,3.3669368897207864e-11,0.4297821395476042,0.0736196319018405,0.1165644171779141,0.04294478527607361,0.4233128834355828,0.37423312883435583,-0.04907975460122699,atlas_lesion_size_clean_artifact_drops,runs/uxnet/run_DA_kfold_01/eval_local/test_augmented_metrics.json;runs/uxnet/run_DA_kfold_01/eval_local/test_clean_metrics.json;runs/uxnet/run_DA_kfold_02/eval_local/test_augmented_metrics.json;runs/uxnet/run_DA_kfold_02/eval_local/test_clean_metrics.json;runs/uxnet/run_DA_kfold_03/eval_local/test_augmented_metrics.json;runs/uxnet/run_DA_kfold_03/eval_local/test_clean_metrics.json;runs/uxnet/run_DA_kfold_04/eval_local/test_augmented_metrics.json;runs/uxnet/run_DA_kfold_04/eval_local/test_clean_metrics.json;runs/uxnet/run_DA_kfold_05/eval_local/test_augmented_metrics.json;runs/uxnet/run_DA_kfold_05/eval_local/test_clean_metrics.json,6.060486401497415e-10
UXNet,Augmented,4,"[36236, 496656]","[36236, 496656]",164,0.7318186236947986,0.7078740221999945,0.023944601494804086,0.009231087681066508,0.017820254169883334,0.030978110037405863,1.177903834076932e-17,0.5680588029826458,0.018292682926829267,0.03048780487804878,0.012195121951219513,0.7682926829268293,0.6951219512195121,-0.07317073170731714,atlas_lesion_size_clean_artifact_drops,runs/uxnet/run_DA_kfold_01/eval_local/test_augmented_metrics.json;runs/uxnet/run_DA_kfold_01/eval_local/test_clean_metrics.json;runs/uxnet/run_DA_kfold_02/eval_local/test_augmented_metrics.json;runs/uxnet/run_DA_kfold_02/eval_local/test_clean_metrics.json;runs/uxnet/run_DA_kfold_03/eval_local/test_augmented_metrics.json;runs/uxnet/run_DA_kfold_03/eval_local/test_clean_metrics.json;runs/uxnet/run_DA_kfold_04/eval_local/test_augmented_metrics.json;runs/uxnet/run_DA_kfold_04/eval_local/test_clean_metrics.json;runs/uxnet/run_DA_kfold_05/eval_local/test_augmented_metrics.json;runs/uxnet/run_DA_kfold_05/eval_local/test_clean_metrics.json,3.415921118823103e-16
UXNet,Standard,1,"[13, 1159)","[13, 1159)",163,0.34136835934553256,0.2814158631124416,0.05995249623309096,7.586571889981531e-10,0.03874483194190335,0.0839432540061101,1.567973367431471e-06,0.40337906013551855,0.39263803680981596,0.48466257668711654,0.09202453987730058,0.19631901840490798,0.15337423312883436,-0.04294478527607362,atlas_lesion_size_clean_artifact_drops,runs/uxnet/run_kfold_01/eval_local/test_augmented_metrics.json;runs/uxnet/run_kfold_01/eval_local/test_clean_metrics.json;runs/uxnet/run_kfold_02/eval_local/test_augmented_metrics.json;runs/uxnet/run_kfold_02/eval_local/test_clean_metrics.json;runs/uxnet/run_kfold_03/eval_local/test_augmented_metrics.json;runs/uxnet/run_kfold_03/eval_local/test_clean_metrics.json;runs/uxnet/run_kfold_04/eval_local/test_augmented_metrics.json;runs/uxnet/run_kfold_04/eval_local/test_clean_metrics.json;runs/uxnet/run_kfold_05/eval_local/test_augmented_metrics.json;runs/uxnet/run_kfold_05/eval_local/test_clean_metrics.json,2.0383653776609124e-05
UXNet,Standard,2,"[1159, 5290)","[1159, 5290)",163,0.46479782988155216,0.4160453364522202,0.048752493429332015,0.005651377388965595,0.03204297248910698,0.06753138655022015,5.371946365983106e-09,0.4238941502134914,0.1411042944785276,0.20245398773006135,0.06134969325153375,0.25766871165644173,0.18404907975460122,-0.07361963190184051,atlas_lesion_size_clean_artifact_drops,runs/uxnet/run_kfold_01/eval_local/test_augmented_metrics.json;runs/uxnet/run_kfold_01/eval_local/test_clean_metrics.json;runs/uxnet/run_kfold_02/eval_local/test_augmented_metrics.json;runs/uxnet/run_kfold_02/eval_local/test_clean_metrics.json;runs/uxnet/run_kfold_03/eval_local/test_augmented_metrics.json;runs/uxnet/run_kfold_03/eval_local/test_clean_metrics.json;runs/uxnet/run_kfold_04/eval_local/test_augmented_metrics.json;runs/uxnet/run_kfold_04/eval_local/test_clean_metrics.json;runs/uxnet/run_kfold_05/eval_local/test_augmented_metrics.json;runs/uxnet/run_kfold_05/eval_local/test_clean_metrics.json,8.057919548974659e-08
UXNet,Standard,3,"[5290, 36236)","[5290, 36236)",163,0.5778739176121083,0.5227652087344233,0.055108708877684834,0.015288988809305848,0.04068970872026717,0.07039720135844309,1.1807178331282253e-12,0.5631846303830985,0.06748466257668712,0.09202453987730061,0.024539877300613494,0.4294478527607362,0.3374233128834356,-0.09202453987730064,atlas_lesion_size_clean_artifact_drops,runs/uxnet/run_kfold_01/eval_local/test_augmented_metrics.json;runs/uxnet/run_kfold_01/eval_local/test_clean_metrics.json;runs/uxnet/run_kfold_02/eval_local/test_augmented_metrics.json;runs/uxnet/run_kfold_02/eval_local/test_clean_metrics.json;runs/uxnet/run_kfold_03/eval_local/test_augmented_metrics.json;runs/uxnet/run_kfold_03/eval_local/test_clean_metrics.json;runs/uxnet/run_kfold_04/eval_local/test_augmented_metrics.json;runs/uxnet/run_kfold_04/eval_local/test_clean_metrics.json;runs/uxnet/run_kfold_05/eval_local/test_augmented_metrics.json;runs/uxnet/run_kfold_05/eval_local/test_clean_metrics.json,2.5975792328820955e-11
UXNet,Standard,4,"[36236, 496656]","[36236, 496656]",164,0.7257818820873847,0.695810592253643,0.029971289833741796,0.004715928951146475,0.02108188615864848,0.039380527961793255,8.688153968024198e-15,0.49785526315917106,0.024390243902439025,0.036585365853658534,0.01219512195121951,0.7378048780487805,0.6463414634146342,-0.09146341463414631,atlas_lesion_size_clean_artifact_drops,runs/uxnet/run_kfold_01/eval_local/test_augmented_metrics.json;runs/uxnet/run_kfold_01/eval_local/test_clean_metrics.json;runs/uxnet/run_kfold_02/eval_local/test_augmented_metrics.json;runs/uxnet/run_kfold_02/eval_local/test_clean_metrics.json;runs/uxnet/run_kfold_03/eval_local/test_augmented_metrics.json;runs/uxnet/run_kfold_03/eval_local/test_clean_metrics.json;runs/uxnet/run_kfold_04/eval_local/test_augmented_metrics.json;runs/uxnet/run_kfold_04/eval_local/test_clean_metrics.json;runs/uxnet/run_kfold_05/eval_local/test_augmented_metrics.json;runs/uxnet/run_kfold_05/eval_local/test_clean_metrics.json,2.1720384920060496e-13
