architecture,acquisition_type,contrast,endpoint,endpoint_family,n_subjects,n_fold_predictions,mean_standard,mean_augmented,mean_delta_augmented_minus_standard,median_delta_augmented_minus_standard,bootstrap_ci95_low,bootstrap_ci95_high,wilcoxon_p,effect_size_subject_average_paired_cohens_dz,holm_family,source_mrart_csv,wilcoxon_p_holm
mednext,headmotion1,augmented_minus_standard,predicted_lesion_volume_ml,primary,140,700,20.19959857142857,51.27392857142857,31.074330000000003,11.6075,27.004077035714293,35.27855528571428,4.524340188585877e-24,1.2297975437418107,mrart_training_predicted_lesion_volume_ml,scripts/supporting_experiments/mrart_hallucination/server_reports/20260703_mrart_paper_stats/fold_lcc_stats/mrart_fold_lcc_stats_long.csv,9.048680377171754e-24
mednext,headmotion1,augmented_minus_standard,largest_cc_volume_ml,primary,140,700,12.72668,33.70704857142857,20.980368571428574,5.916500000000001,17.674728142857145,24.559663928571425,8.0299080576326e-22,1.0164356071362974,mrart_training_largest_cc_volume_ml,scripts/supporting_experiments/mrart_hallucination/server_reports/20260703_mrart_paper_stats/fold_lcc_stats/mrart_fold_lcc_stats_long.csv,1.60598161152652e-21
mednext,headmotion1,augmented_minus_standard,connected_component_count_26conn,primary,140,700,74.30714285714286,116.55714285714286,42.25,13.0,34.98285714285714,49.761428571428574,1.489785917056366e-18,0.958862677531209,mrart_training_connected_component_count_26conn,scripts/supporting_experiments/mrart_hallucination/server_reports/20260703_mrart_paper_stats/fold_lcc_stats/mrart_fold_lcc_stats_long.csv,7.44892958528183e-18
mednext,headmotion1,augmented_minus_standard,largest_cc_fraction_of_prediction,primary,140,700,0.6710292532345714,0.6335515961487143,-0.037477657085857145,-0.04326135385000002,-0.059159585423825004,-0.015615247061439285,0.001183462613446294,-0.2885647146063512,mrart_training_largest_cc_fraction_of_prediction,scripts/supporting_experiments/mrart_hallucination/server_reports/20260703_mrart_paper_stats/fold_lcc_stats/mrart_fold_lcc_stats_long.csv,0.0054593666745427144
mednext,headmotion1,augmented_minus_standard,scan_positive,secondary,140,700,0.9985714285714286,1.0,0.0014285714285714286,0.0,0.0,0.004285714285714286,0.31731050786291415,0.08451542547285165,mrart_training_scan_positive,scripts/supporting_experiments/mrart_hallucination/server_reports/20260703_mrart_paper_stats/fold_lcc_stats/mrart_fold_lcc_stats_long.csv,1.0
mednext,headmotion2,augmented_minus_standard,predicted_lesion_volume_ml,primary,140,700,23.031591428571424,61.43882571428571,38.40723428571428,17.5295,33.792229285714285,43.00471460714286,1.3670902912779823e-24,1.3719571037633753,mrart_training_predicted_lesion_volume_ml,scripts/supporting_experiments/mrart_hallucination/server_reports/20260703_mrart_paper_stats/fold_lcc_stats/mrart_fold_lcc_stats_long.csv,6.06871244693185e-24
mednext,headmotion2,augmented_minus_standard,largest_cc_volume_ml,primary,140,700,14.375437142857143,38.99124857142857,24.615811428571426,8.2705,21.126089785714285,28.320595750000003,1.0549611077791499e-23,1.1149480889056553,mrart_training_largest_cc_volume_ml,scripts/supporting_experiments/mrart_hallucination/server_reports/20260703_mrart_paper_stats/fold_lcc_stats/mrart_fold_lcc_stats_long.csv,4.2198444311165997e-23
mednext,headmotion2,augmented_minus_standard,connected_component_count_26conn,primary,140,700,78.88714285714286,131.39714285714285,52.51,26.5,44.96425,60.23596428571428,2.0624568660542704e-21,1.1228789805833466,mrart_training_connected_component_count_26conn,scripts/supporting_experiments/mrart_hallucination/server_reports/20260703_mrart_paper_stats/fold_lcc_stats/mrart_fold_lcc_stats_long.csv,1.2374741196325623e-20
mednext,headmotion2,augmented_minus_standard,largest_cc_fraction_of_prediction,primary,140,700,0.6487196728461428,0.6214940461714286,-0.02722562667471428,-0.02148557464999995,-0.046896098010246426,-0.0076108130323142885,0.005738887252142689,-0.2306922524299006,mrart_training_largest_cc_fraction_of_prediction,scripts/supporting_experiments/mrart_hallucination/server_reports/20260703_mrart_paper_stats/fold_lcc_stats/mrart_fold_lcc_stats_long.csv,0.011477774504285379
mednext,headmotion2,augmented_minus_standard,scan_positive,secondary,140,700,0.9957142857142857,1.0,0.004285714285714286,0.0,0.0,0.01,0.08326451666355039,0.1474496432306384,mrart_training_scan_positive,scripts/supporting_experiments/mrart_hallucination/server_reports/20260703_mrart_paper_stats/fold_lcc_stats/mrart_fold_lcc_stats_long.csv,0.49958709998130235
mednext,standard,augmented_minus_standard,predicted_lesion_volume_ml,primary,140,700,15.439885714285712,37.19765857142857,21.757772857142857,5.686499999999999,18.561633535714286,24.95383121428571,1.0664816252474783e-22,1.1212685160875853,mrart_training_predicted_lesion_volume_ml,scripts/supporting_experiments/mrart_hallucination/server_reports/20260703_mrart_paper_stats/fold_lcc_stats/mrart_fold_lcc_stats_long.csv,1.0664816252474783e-22
mednext,standard,augmented_minus_standard,largest_cc_volume_ml,primary,140,700,10.562755714285716,27.40121285714286,16.83845714285714,3.4359999999999995,13.922158821428571,19.95058028571428,3.2799046009778663e-19,0.9371447061813395,mrart_training_largest_cc_volume_ml,scripts/supporting_experiments/mrart_hallucination/server_reports/20260703_mrart_paper_stats/fold_lcc_stats/mrart_fold_lcc_stats_long.csv,3.2799046009778663e-19
mednext,standard,augmented_minus_standard,connected_component_count_26conn,primary,140,700,64.67857142857143,84.35,19.67142857142857,11.0,14.145714285714286,25.18285714285714,1.140192698243675e-09,0.5877961935618602,mrart_training_connected_component_count_26conn,scripts/supporting_experiments/mrart_hallucination/server_reports/20260703_mrart_paper_stats/fold_lcc_stats/mrart_fold_lcc_stats_long.csv,1.838764905148387e-09
mednext,standard,augmented_minus_standard,largest_cc_fraction_of_prediction,primary,140,700,0.6934385225536143,0.6805667791719999,-0.012871743381614285,-0.009745484699999973,-0.03642356201951322,0.010972422441644997,0.2097384652053852,-0.08975728333552768,mrart_training_largest_cc_fraction_of_prediction,scripts/supporting_experiments/mrart_hallucination/server_reports/20260703_mrart_paper_stats/fold_lcc_stats/mrart_fold_lcc_stats_long.csv,0.2097384652053852
mednext,standard,augmented_minus_standard,scan_positive,secondary,140,700,0.9928571428571429,0.9942857142857143,0.0014285714285714286,0.0,-0.007142857142857143,0.01,0.7388826803635273,0.02808216050392178,mrart_training_scan_positive,scripts/supporting_experiments/mrart_hallucination/server_reports/20260703_mrart_paper_stats/fold_lcc_stats/mrart_fold_lcc_stats_long.csv,1.0
swin_unetr,headmotion1,augmented_minus_standard,predicted_lesion_volume_ml,primary,140,700,77.60364,123.62507142857143,46.02143142857143,40.1265,42.931822464285716,49.181795571428566,1.0114520744886416e-24,2.441804083142229,mrart_training_predicted_lesion_volume_ml,scripts/supporting_experiments/mrart_hallucination/server_reports/20260703_mrart_paper_stats/fold_lcc_stats/mrart_fold_lcc_stats_long.csv,6.06871244693185e-24
swin_unetr,headmotion1,augmented_minus_standard,largest_cc_volume_ml,primary,140,700,31.905955714285717,55.809734285714285,23.903778571428568,19.3705,21.43366157142857,26.43146082142857,1.126471024744679e-24,1.554508444939132,mrart_training_largest_cc_volume_ml,scripts/supporting_experiments/mrart_hallucination/server_reports/20260703_mrart_paper_stats/fold_lcc_stats/mrart_fold_lcc_stats_long.csv,6.758826148468074e-24
swin_unetr,headmotion1,augmented_minus_standard,connected_component_count_26conn,primary,140,700,229.09714285714287,211.8,-17.297142857142855,-30.5,-20.92007142857143,-13.755714285714285,3.686896578736398e-14,-0.7888630862451188,mrart_training_connected_component_count_26conn,scripts/supporting_experiments/mrart_hallucination/server_reports/20260703_mrart_paper_stats/fold_lcc_stats/mrart_fold_lcc_stats_long.csv,1.1060689736209193e-13
swin_unetr,headmotion1,augmented_minus_standard,largest_cc_fraction_of_prediction,primary,140,700,0.422487949679,0.4468033395742857,0.024315389895285717,0.02413761860000002,0.011342823869760718,0.03743450329509643,0.0012008591612420354,0.30380970693509946,mrart_training_largest_cc_fraction_of_prediction,scripts/supporting_experiments/mrart_hallucination/server_reports/20260703_mrart_paper_stats/fold_lcc_stats/mrart_fold_lcc_stats_long.csv,0.0054593666745427144
swin_unetr,headmotion1,augmented_minus_standard,scan_positive,secondary,140,700,1.0,1.0,0.0,0.0,0.0,0.0,1.0,,mrart_training_scan_positive,scripts/supporting_experiments/mrart_hallucination/server_reports/20260703_mrart_paper_stats/fold_lcc_stats/mrart_fold_lcc_stats_long.csv,1.0
swin_unetr,headmotion2,augmented_minus_standard,predicted_lesion_volume_ml,primary,140,700,85.18088142857142,128.77029142857143,43.58941000000001,38.3745,40.48985039285714,46.86956682142858,1.10247514291855e-24,2.2703748184426624,mrart_training_predicted_lesion_volume_ml,scripts/supporting_experiments/mrart_hallucination/server_reports/20260703_mrart_paper_stats/fold_lcc_stats/mrart_fold_lcc_stats_long.csv,6.06871244693185e-24
swin_unetr,headmotion2,augmented_minus_standard,largest_cc_volume_ml,primary,140,700,35.37255142857143,57.65737428571428,22.284822857142856,20.917499999999997,19.94703839285714,24.719757642857147,4.1149677238991866e-23,1.5379190850417261,mrart_training_largest_cc_volume_ml,scripts/supporting_experiments/mrart_hallucination/server_reports/20260703_mrart_paper_stats/fold_lcc_stats/mrart_fold_lcc_stats_long.csv,1.234490317169756e-22
swin_unetr,headmotion2,augmented_minus_standard,connected_component_count_26conn,primary,140,700,252.85285714285715,229.37571428571428,-23.47714285714286,-43.5,-27.46875,-19.61285714285714,3.505924139899299e-18,-0.9861950729347134,mrart_training_connected_component_count_26conn,scripts/supporting_experiments/mrart_hallucination/server_reports/20260703_mrart_paper_stats/fold_lcc_stats/mrart_fold_lcc_stats_long.csv,1.4023696559597196e-17
swin_unetr,headmotion2,augmented_minus_standard,largest_cc_fraction_of_prediction,primary,140,700,0.42242460365428575,0.4428553714907142,0.02043076783642857,0.028503924749999993,0.00732340611062857,0.033388105691864275,0.0010918733349085429,0.2591880296747966,mrart_training_largest_cc_fraction_of_prediction,scripts/supporting_experiments/mrart_hallucination/server_reports/20260703_mrart_paper_stats/fold_lcc_stats/mrart_fold_lcc_stats_long.csv,0.0054593666745427144
swin_unetr,headmotion2,augmented_minus_standard,scan_positive,secondary,140,700,1.0,1.0,0.0,0.0,0.0,0.0,1.0,,mrart_training_scan_positive,scripts/supporting_experiments/mrart_hallucination/server_reports/20260703_mrart_paper_stats/fold_lcc_stats/mrart_fold_lcc_stats_long.csv,1.0
swin_unetr,standard,augmented_minus_standard,predicted_lesion_volume_ml,primary,140,700,69.11424428571428,114.07256571428572,44.95832142857143,39.0295,41.66471553571428,48.39132267857142,1.0114520744886416e-24,2.187277751223395,mrart_training_predicted_lesion_volume_ml,scripts/supporting_experiments/mrart_hallucination/server_reports/20260703_mrart_paper_stats/fold_lcc_stats/mrart_fold_lcc_stats_long.csv,6.06871244693185e-24
swin_unetr,standard,augmented_minus_standard,largest_cc_volume_ml,primary,140,700,27.439615714285715,52.426170000000006,24.986554285714284,19.6795,22.4918735,27.581478,1.5551233925765376e-24,1.6402791505561467,mrart_training_largest_cc_volume_ml,scripts/supporting_experiments/mrart_hallucination/server_reports/20260703_mrart_paper_stats/fold_lcc_stats/mrart_fold_lcc_stats_long.csv,7.775616962882688e-24
swin_unetr,standard,augmented_minus_standard,connected_component_count_26conn,primary,140,700,200.20142857142858,189.95285714285714,-10.248571428571429,-26.0,-13.050035714285714,-7.468428571428574,9.193824525741936e-10,-0.6037473181897981,mrart_training_connected_component_count_26conn,scripts/supporting_experiments/mrart_hallucination/server_reports/20260703_mrart_paper_stats/fold_lcc_stats/mrart_fold_lcc_stats_long.csv,1.838764905148387e-09
swin_unetr,standard,augmented_minus_standard,largest_cc_fraction_of_prediction,primary,140,700,0.4070148824252858,0.4506959096654285,0.043681027240142854,0.03998336060000002,0.02974066628488214,0.05728544820218571,3.4609780611416915e-08,0.5203997787800022,mrart_training_largest_cc_fraction_of_prediction,scripts/supporting_experiments/mrart_hallucination/server_reports/20260703_mrart_paper_stats/fold_lcc_stats/mrart_fold_lcc_stats_long.csv,2.076586836685015e-07
swin_unetr,standard,augmented_minus_standard,scan_positive,secondary,140,700,1.0,1.0,0.0,0.0,0.0,0.0,1.0,,mrart_training_scan_positive,scripts/supporting_experiments/mrart_hallucination/server_reports/20260703_mrart_paper_stats/fold_lcc_stats/mrart_fold_lcc_stats_long.csv,1.0
