architecture,training_condition,contrast,motion_acquisition,endpoint,endpoint_family,n_subjects,n_fold_predictions,mean_standard,mean_motion,mean_delta_motion_minus_standard,median_delta_motion_minus_standard,bootstrap_ci95_low,bootstrap_ci95_high,wilcoxon_p,effect_size_subject_average_paired_cohens_dz,holm_family,source_mrart_csv,wilcoxon_p_holm
mednext,augmented,headmotion1_minus_standard,headmotion1,predicted_lesion_volume_ml,primary,140,700,37.19765857142857,51.27392857142857,14.07627,2.284,10.973060821428573,17.391226142857143,1.1612429168896416e-16,0.7234520320714296,mrart_motion_predicted_lesion_volume_ml,scripts/supporting_experiments/mrart_hallucination/server_reports/20260703_mrart_paper_stats/fold_lcc_stats/mrart_fold_lcc_stats_long.csv,4.644971667558566e-16
mednext,augmented,headmotion1_minus_standard,headmotion1,largest_cc_volume_ml,primary,140,700,27.40121285714286,33.70704857142857,6.305835714285714,0.7990000000000004,4.7782646785714284,7.905392750000001,6.398353312798944e-12,0.6775535467498762,mrart_motion_largest_cc_volume_ml,scripts/supporting_experiments/mrart_hallucination/server_reports/20260703_mrart_paper_stats/fold_lcc_stats/mrart_fold_lcc_stats_long.csv,3.199176656399472e-11
mednext,augmented,headmotion1_minus_standard,headmotion1,connected_component_count_26conn,primary,140,700,84.35,116.55714285714286,32.207142857142856,12.0,25.189285714285717,39.707142857142856,1.3535519745263394e-15,0.7432206278482025,mrart_motion_connected_component_count_26conn,scripts/supporting_experiments/mrart_hallucination/server_reports/20260703_mrart_paper_stats/fold_lcc_stats/mrart_fold_lcc_stats_long.csv,4.0606559235790185e-15
mednext,augmented,headmotion1_minus_standard,headmotion1,largest_cc_fraction_of_prediction,primary,140,700,0.6805667791719999,0.6335515961487143,-0.04701518302328571,-0.030726799849999986,-0.06597063374583215,-0.028370141683867853,1.8107498414295605e-05,-0.41082592696355325,mrart_motion_largest_cc_fraction_of_prediction,scripts/supporting_experiments/mrart_hallucination/server_reports/20260703_mrart_paper_stats/fold_lcc_stats/mrart_fold_lcc_stats_long.csv,0.00012675248890006924
mednext,augmented,headmotion1_minus_standard,headmotion1,scan_positive,secondary,140,700,0.9942857142857143,1.0,0.005714285714285714,0.0,0.0014285714285714286,0.011428571428571429,0.045500263896358396,0.17088499253085068,mrart_motion_scan_positive,scripts/supporting_experiments/mrart_hallucination/server_reports/20260703_mrart_paper_stats/fold_lcc_stats/mrart_fold_lcc_stats_long.csv,0.36400211117086717
mednext,augmented,headmotion2_minus_standard,headmotion2,predicted_lesion_volume_ml,primary,140,700,37.19765857142857,61.43882571428571,24.241167142857147,7.945000000000001,20.515033464285715,28.19500775,2.473242693937478e-22,1.0602398631600165,mrart_motion_predicted_lesion_volume_ml,scripts/supporting_experiments/mrart_hallucination/server_reports/20260703_mrart_paper_stats/fold_lcc_stats/mrart_fold_lcc_stats_long.csv,1.7312698857562346e-21
mednext,augmented,headmotion2_minus_standard,headmotion2,largest_cc_volume_ml,primary,140,700,27.40121285714286,38.99124857142857,11.590035714285714,3.1984999999999997,9.557316250000001,13.728437250000002,1.1711076548962423e-18,0.9129829186408093,mrart_motion_largest_cc_volume_ml,scripts/supporting_experiments/mrart_hallucination/server_reports/20260703_mrart_paper_stats/fold_lcc_stats/mrart_fold_lcc_stats_long.csv,8.197753584273696e-18
mednext,augmented,headmotion2_minus_standard,headmotion2,connected_component_count_26conn,primary,140,700,84.35,131.39714285714285,47.04714285714286,22.0,38.76414285714286,55.861464285714284,2.7915141218243764e-19,0.9104370716193092,mrart_motion_connected_component_count_26conn,scripts/supporting_experiments/mrart_hallucination/server_reports/20260703_mrart_paper_stats/fold_lcc_stats/mrart_fold_lcc_stats_long.csv,1.3957570609121882e-18
mednext,augmented,headmotion2_minus_standard,headmotion2,largest_cc_fraction_of_prediction,primary,140,700,0.6805667791719999,0.6214940461714286,-0.05907273300057143,-0.052495433550000026,-0.07876826848031786,-0.03965718495126787,2.4515266401260925e-08,-0.49492637922711047,mrart_motion_largest_cc_fraction_of_prediction,scripts/supporting_experiments/mrart_hallucination/server_reports/20260703_mrart_paper_stats/fold_lcc_stats/mrart_fold_lcc_stats_long.csv,1.961221312100874e-07
mednext,augmented,headmotion2_minus_standard,headmotion2,scan_positive,secondary,140,700,0.9942857142857143,1.0,0.005714285714285714,0.0,0.0014285714285714286,0.011428571428571429,0.045500263896358396,0.17088499253085068,mrart_motion_scan_positive,scripts/supporting_experiments/mrart_hallucination/server_reports/20260703_mrart_paper_stats/fold_lcc_stats/mrart_fold_lcc_stats_long.csv,0.36400211117086717
mednext,standard,headmotion1_minus_standard,headmotion1,predicted_lesion_volume_ml,primary,140,700,15.439885714285712,20.19959857142857,4.7597128571428575,0.3505000000000001,3.0007932142857143,6.774168928571427,3.781609611869035e-08,0.41700791381932334,mrart_motion_predicted_lesion_volume_ml,scripts/supporting_experiments/mrart_hallucination/server_reports/20260703_mrart_paper_stats/fold_lcc_stats/mrart_fold_lcc_stats_long.csv,3.781609611869035e-08
mednext,standard,headmotion1_minus_standard,headmotion1,largest_cc_volume_ml,primary,140,700,10.562755714285716,12.72668,2.1639242857142857,0.0794999999999991,1.1415747142857149,3.213211107142857,8.447343423276997e-05,0.34123128151176274,mrart_motion_largest_cc_volume_ml,scripts/supporting_experiments/mrart_hallucination/server_reports/20260703_mrart_paper_stats/fold_lcc_stats/mrart_fold_lcc_stats_long.csv,8.447343423276997e-05
mednext,standard,headmotion1_minus_standard,headmotion1,connected_component_count_26conn,primary,140,700,64.67857142857143,74.30714285714286,9.628571428571428,3.0,5.517107142857142,14.024392857142855,3.342414837950403e-05,0.3779920223037277,mrart_motion_connected_component_count_26conn,scripts/supporting_experiments/mrart_hallucination/server_reports/20260703_mrart_paper_stats/fold_lcc_stats/mrart_fold_lcc_stats_long.csv,3.342414837950403e-05
mednext,standard,headmotion1_minus_standard,headmotion1,largest_cc_fraction_of_prediction,primary,140,700,0.6934385225536143,0.6710292532345714,-0.022409269319042854,-0.03257246235,-0.04262869638978357,-0.0019070491556600064,0.05254647855860951,-0.18090767753816459,mrart_motion_largest_cc_fraction_of_prediction,scripts/supporting_experiments/mrart_hallucination/server_reports/20260703_mrart_paper_stats/fold_lcc_stats/mrart_fold_lcc_stats_long.csv,0.15763943567582855
mednext,standard,headmotion1_minus_standard,headmotion1,scan_positive,secondary,140,700,0.9928571428571429,0.9985714285714286,0.005714285714285714,0.0,0.0,0.012857142857142857,0.10247043485974941,0.13884804454134103,mrart_motion_scan_positive,scripts/supporting_experiments/mrart_hallucination/server_reports/20260703_mrart_paper_stats/fold_lcc_stats/mrart_fold_lcc_stats_long.csv,0.6148226091584965
mednext,standard,headmotion2_minus_standard,headmotion2,predicted_lesion_volume_ml,primary,140,700,15.439885714285712,23.031591428571424,7.591705714285715,1.2650000000000001,5.745973714285714,9.568214535714283,2.2454581999470093e-13,0.651287213533728,mrart_motion_predicted_lesion_volume_ml,scripts/supporting_experiments/mrart_hallucination/server_reports/20260703_mrart_paper_stats/fold_lcc_stats/mrart_fold_lcc_stats_long.csv,4.4909163998940186e-13
mednext,standard,headmotion2_minus_standard,headmotion2,largest_cc_volume_ml,primary,140,700,10.562755714285716,14.375437142857143,3.8126814285714286,0.5355000000000001,2.6964319642857144,4.950891321428571,1.0278870282124636e-09,0.5647912381867274,mrart_motion_largest_cc_volume_ml,scripts/supporting_experiments/mrart_hallucination/server_reports/20260703_mrart_paper_stats/fold_lcc_stats/mrart_fold_lcc_stats_long.csv,4.111548112849854e-09
mednext,standard,headmotion2_minus_standard,headmotion2,connected_component_count_26conn,primary,140,700,64.67857142857143,78.88714285714286,14.208571428571428,6.0,9.07275,19.617214285714283,3.252280647079119e-06,0.44009133788119775,mrart_motion_connected_component_count_26conn,scripts/supporting_experiments/mrart_hallucination/server_reports/20260703_mrart_paper_stats/fold_lcc_stats/mrart_fold_lcc_stats_long.csv,6.504561294158238e-06
mednext,standard,headmotion2_minus_standard,headmotion2,largest_cc_fraction_of_prediction,primary,140,700,0.6934385225536143,0.6487196728461428,-0.04471884970747143,-0.04341222275000001,-0.06472118281311465,-0.024214916698373216,0.0001306357470584405,-0.3576494462261214,mrart_motion_largest_cc_fraction_of_prediction,scripts/supporting_experiments/mrart_hallucination/server_reports/20260703_mrart_paper_stats/fold_lcc_stats/mrart_fold_lcc_stats_long.csv,0.000783814482350643
mednext,standard,headmotion2_minus_standard,headmotion2,scan_positive,secondary,140,700,0.9928571428571429,0.9957142857142857,0.002857142857142857,0.0,-0.004285714285714286,0.011428571428571429,0.47950012218695337,0.059654234989446796,mrart_motion_scan_positive,scripts/supporting_experiments/mrart_hallucination/server_reports/20260703_mrart_paper_stats/fold_lcc_stats/mrart_fold_lcc_stats_long.csv,1.0
swin_unetr,augmented,headmotion1_minus_standard,headmotion1,predicted_lesion_volume_ml,primary,140,700,114.07256571428572,123.62507142857143,9.552505714285713,6.717499999999994,7.501766821428571,11.72091935714286,5.151350635417205e-15,0.7498035744730445,mrart_motion_predicted_lesion_volume_ml,scripts/supporting_experiments/mrart_hallucination/server_reports/20260703_mrart_paper_stats/fold_lcc_stats/mrart_fold_lcc_stats_long.csv,1.5454051906251615e-14
swin_unetr,augmented,headmotion1_minus_standard,headmotion1,largest_cc_volume_ml,primary,140,700,52.426170000000006,55.809734285714285,3.3835642857142854,2.8129999999999997,1.7976590357142856,4.9754024999999995,6.400064155146531e-06,0.35191742099316403,mrart_motion_largest_cc_volume_ml,scripts/supporting_experiments/mrart_hallucination/server_reports/20260703_mrart_paper_stats/fold_lcc_stats/mrart_fold_lcc_stats_long.csv,1.2800128310293062e-05
swin_unetr,augmented,headmotion1_minus_standard,headmotion1,connected_component_count_26conn,primary,140,700,189.95285714285714,211.8,21.847142857142856,17.0,17.37242857142857,26.695892857142855,7.841157122056601e-19,0.7644287220746687,mrart_motion_connected_component_count_26conn,scripts/supporting_experiments/mrart_hallucination/server_reports/20260703_mrart_paper_stats/fold_lcc_stats/mrart_fold_lcc_stats_long.csv,3.1364628488226405e-18
swin_unetr,augmented,headmotion1_minus_standard,headmotion1,largest_cc_fraction_of_prediction,primary,140,700,0.4506959096654285,0.4468033395742857,-0.003892570091142857,-0.0035004955999999865,-0.013020892924399998,0.00499459779938571,0.2197309167067153,-0.07142094437320111,mrart_motion_largest_cc_fraction_of_prediction,scripts/supporting_experiments/mrart_hallucination/server_reports/20260703_mrart_paper_stats/fold_lcc_stats/mrart_fold_lcc_stats_long.csv,0.307199512957268
swin_unetr,augmented,headmotion1_minus_standard,headmotion1,scan_positive,secondary,140,700,1.0,1.0,0.0,0.0,0.0,0.0,1.0,,mrart_motion_scan_positive,scripts/supporting_experiments/mrart_hallucination/server_reports/20260703_mrart_paper_stats/fold_lcc_stats/mrart_fold_lcc_stats_long.csv,1.0
swin_unetr,augmented,headmotion2_minus_standard,headmotion2,predicted_lesion_volume_ml,primary,140,700,114.07256571428572,128.77029142857143,14.697725714285713,13.785499999999999,12.225608535714287,17.222365928571424,2.00313783374381e-18,0.9824437656233705,mrart_motion_predicted_lesion_volume_ml,scripts/supporting_experiments/mrart_hallucination/server_reports/20260703_mrart_paper_stats/fold_lcc_stats/mrart_fold_lcc_stats_long.csv,1.201882700246286e-17
swin_unetr,augmented,headmotion2_minus_standard,headmotion2,largest_cc_volume_ml,primary,140,700,52.426170000000006,57.65737428571428,5.231204285714286,6.0685,3.6048358571428567,6.789775428571428,5.810285356480381e-09,0.5364006613835224,mrart_motion_largest_cc_volume_ml,scripts/supporting_experiments/mrart_hallucination/server_reports/20260703_mrart_paper_stats/fold_lcc_stats/mrart_fold_lcc_stats_long.csv,1.7430856069441144e-08
swin_unetr,augmented,headmotion2_minus_standard,headmotion2,connected_component_count_26conn,primary,140,700,189.95285714285714,229.37571428571428,39.42285714285714,32.0,34.652750000000005,44.532999999999994,1.2007462608919746e-24,1.3162501027703704,mrart_motion_connected_component_count_26conn,scripts/supporting_experiments/mrart_hallucination/server_reports/20260703_mrart_paper_stats/fold_lcc_stats/mrart_fold_lcc_stats_long.csv,9.605970087135797e-24
swin_unetr,augmented,headmotion2_minus_standard,headmotion2,largest_cc_fraction_of_prediction,primary,140,700,0.4506959096654285,0.4428553714907142,-0.007840538174714288,-0.0020923430500000284,-0.016518328135360714,0.0012870142987928572,0.153599756478634,-0.14380661379727624,mrart_motion_largest_cc_fraction_of_prediction,scripts/supporting_experiments/mrart_hallucination/server_reports/20260703_mrart_paper_stats/fold_lcc_stats/mrart_fold_lcc_stats_long.csv,0.307199512957268
swin_unetr,augmented,headmotion2_minus_standard,headmotion2,scan_positive,secondary,140,700,1.0,1.0,0.0,0.0,0.0,0.0,1.0,,mrart_motion_scan_positive,scripts/supporting_experiments/mrart_hallucination/server_reports/20260703_mrart_paper_stats/fold_lcc_stats/mrart_fold_lcc_stats_long.csv,1.0
swin_unetr,standard,headmotion1_minus_standard,headmotion1,predicted_lesion_volume_ml,primary,140,700,69.11424428571428,77.60364,8.489395714285715,6.02,6.698676535714286,10.425543142857144,5.264957942531674e-17,0.7486541766996309,mrart_motion_predicted_lesion_volume_ml,scripts/supporting_experiments/mrart_hallucination/server_reports/20260703_mrart_paper_stats/fold_lcc_stats/mrart_fold_lcc_stats_long.csv,2.632478971265837e-16
swin_unetr,standard,headmotion1_minus_standard,headmotion1,largest_cc_volume_ml,primary,140,700,27.439615714285715,31.905955714285717,4.46634,2.5625,3.3599080714285714,5.60167082142857,2.683743321879447e-13,0.6555714646479117,mrart_motion_largest_cc_volume_ml,scripts/supporting_experiments/mrart_hallucination/server_reports/20260703_mrart_paper_stats/fold_lcc_stats/mrart_fold_lcc_stats_long.csv,1.610245993127668e-12
swin_unetr,standard,headmotion1_minus_standard,headmotion1,connected_component_count_26conn,primary,140,700,200.20142857142858,229.09714285714287,28.895714285714284,22.0,23.55707142857143,34.64007142857143,1.1997056726147338e-20,0.8472235553786186,mrart_motion_connected_component_count_26conn,scripts/supporting_experiments/mrart_hallucination/server_reports/20260703_mrart_paper_stats/fold_lcc_stats/mrart_fold_lcc_stats_long.csv,7.198234035688403e-20
swin_unetr,standard,headmotion1_minus_standard,headmotion1,largest_cc_fraction_of_prediction,primary,140,700,0.4070148824252858,0.422487949679,0.015473067253714282,0.007795026350000012,0.006969455180871427,0.02417408562598214,0.0005675131770743699,0.2979017260048849,mrart_motion_largest_cc_fraction_of_prediction,scripts/supporting_experiments/mrart_hallucination/server_reports/20260703_mrart_paper_stats/fold_lcc_stats/mrart_fold_lcc_stats_long.csv,0.0028375658853718494
swin_unetr,standard,headmotion1_minus_standard,headmotion1,scan_positive,secondary,140,700,1.0,1.0,0.0,0.0,0.0,0.0,1.0,,mrart_motion_scan_positive,scripts/supporting_experiments/mrart_hallucination/server_reports/20260703_mrart_paper_stats/fold_lcc_stats/mrart_fold_lcc_stats_long.csv,1.0
swin_unetr,standard,headmotion2_minus_standard,headmotion2,predicted_lesion_volume_ml,primary,140,700,69.11424428571428,85.18088142857142,16.066637142857143,13.4355,14.101768857142856,18.180305857142855,1.5407113797232015e-23,1.2977433760580082,mrart_motion_predicted_lesion_volume_ml,scripts/supporting_experiments/mrart_hallucination/server_reports/20260703_mrart_paper_stats/fold_lcc_stats/mrart_fold_lcc_stats_long.csv,1.2325691037785612e-22
swin_unetr,standard,headmotion2_minus_standard,headmotion2,largest_cc_volume_ml,primary,140,700,27.439615714285715,35.37255142857143,7.932935714285715,5.8045,6.572009321428572,9.365880964285715,1.5666649976579845e-19,0.952321259200261,mrart_motion_largest_cc_volume_ml,scripts/supporting_experiments/mrart_hallucination/server_reports/20260703_mrart_paper_stats/fold_lcc_stats/mrart_fold_lcc_stats_long.csv,1.2533319981263876e-18
swin_unetr,standard,headmotion2_minus_standard,headmotion2,connected_component_count_26conn,primary,140,700,200.20142857142858,252.85285714285715,52.651428571428575,47.0,46.33421428571428,59.42596428571428,1.457066139255249e-24,1.325194372411049,mrart_motion_connected_component_count_26conn,scripts/supporting_experiments/mrart_hallucination/server_reports/20260703_mrart_paper_stats/fold_lcc_stats/mrart_fold_lcc_stats_long.csv,1.0199462974786743e-23
swin_unetr,standard,headmotion2_minus_standard,headmotion2,largest_cc_fraction_of_prediction,primary,140,700,0.4070148824252858,0.42242460365428575,0.015409721229,0.004364647599999993,0.005136685128432144,0.025962690406871426,0.0063116075541744966,0.24352877905821207,mrart_motion_largest_cc_fraction_of_prediction,scripts/supporting_experiments/mrart_hallucination/server_reports/20260703_mrart_paper_stats/fold_lcc_stats/mrart_fold_lcc_stats_long.csv,0.025246430216697986
swin_unetr,standard,headmotion2_minus_standard,headmotion2,scan_positive,secondary,140,700,1.0,1.0,0.0,0.0,0.0,0.0,1.0,,mrart_motion_scan_positive,scripts/supporting_experiments/mrart_hallucination/server_reports/20260703_mrart_paper_stats/fold_lcc_stats/mrart_fold_lcc_stats_long.csv,1.0
